Education Field,Program Name,County,Municipality,Multiple Municipalities,YH Points,Provider Admin Unit,Case Number,Year,Study Weeks,Study Years
Data/It,.Net Utvecklare,Västra Götaland,Göteborg,0,400,Plushögskolan Ab - Teknikhögskolan,MYH 2020/4403,2020,80,1.54
Data/It,.Net-Utvecklare,Stockholm,Stockholm,0,400,It-Högskolan Stockholm Ab,MYH 2020/5766,2020,80,1.54
Data/It,.Net-Utvecklare,Västra Götaland,Göteborg,0,400,It-Högskolan Sverige Ab,MYH 2020/5764,2020,80,1.54
Data/It,Agil Javautvecklare,Gävleborg,Gävle,0,400,Edugrade Ab,MYH 2020/5827,2020,80,1.54
Data/It,Agil Projektledare,Skåne,Malmö,0,225,Ihm Business School Ab Malmö,MYH 2020/5354,2020,45,0.87
Data/It,Agil Projektledare,Stockholm,Stockholm,0,225,Ihm Business School Ab Stockholm,MYH 2020/5326,2020,45,0.87
Data/It,Agil Systemutvecklare I Java Och Javascript,Norrbotten,Piteå,0,400,Lernia Utbildning Ab,MYH 2020/5071,2020,80,1.54
Data/It,Agile Project Manager,Stockholm,Stockholm,0,300,Changemaker Educations Ab,MYH 2020/4824,2020,60,1.15
Data/It,Applikationsutvecklare Mobila Enheter,Flera Kommuner,Flera Kommuner,1,400,Kyh Ab,MYH 2020/4432,2020,80,1.54
Data/It,Backend-Utvecklare,Flera Kommuner,Flera Kommuner,1,400,"Uddevalla Kommun, Vuxenutbildningen",MYH 2020/4560,2020,80,1.54
Data/It,Cloud And It-Infrastructure Specialist,Kalmar,Kalmar,0,400,"Kalmarsunds Gymnasieförbund, Axel Weüdelskolan",MYH 2020/4804,2020,80,1.54
Data/It,Cloud Developer Azure,Västra Götaland,Göteborg,0,400,It-Högskolan Sverige Ab,MYH 2020/5759,2020,80,1.54
Data/It,Data Analyst,Stockholm,Stockholm,0,400,Hyper Island Program Ab - Stockholm,MYH 2020/5145,2020,80,1.54
Data/It,Data Scientist,Flera Kommuner,Flera Kommuner,1,400,Ec Utbildning Ab Helsingborg,MYH 2020/5325,2020,80,1.54
Data/It,Data Scientist,Stockholm,Solna,0,400,Ec Utbildning Ab Stockholm,MYH 2020/5003,2020,80,1.54
Data/It,Devops Engineer,Skåne,Malmö,0,400,Jensen Education School Ab,MYH 2020/5725,2020,80,1.54
Data/It,Devops Engineer,Stockholm,Solna,0,400,Nackademin Ab,MYH 2020/5245,2020,80,1.54
Data/It,Devops Engineer,Stockholm,Stockholm,0,415,Chas Academy Ab,MYH 2020/5801,2020,83,1.6
Data/It,Front End Developer,Flera Kommuner,Flera Kommuner,1,400,Kyh Ab,MYH 2020/4521,2020,80,1.54
Data/It,Front End Developer Distans,Stockholm,Stockholm,0,400,Medieinstitutet I Sverige Ab,MYH 2020/5676,2020,80,1.54
Data/It,Front End Webbutvecklare,Skåne,Malmö,0,400,Grit Academy Ab,MYH 2020/4907,2020,80,1.54
Data/It,Frontend / App Developer,Stockholm,Stockholm,0,450,Changemaker Educations Ab,MYH 2020/4827,2020,90,1.73
Data/It,Frontendutvecklare,Värmland,Karlstad,0,400,Folkuniversitetet Kursverksamheten Vid Göteborgs Universitet,MYH 2020/5048,2020,80,1.54
Data/It,Frontend-Utvecklare,Stockholm,Solna,0,400,Nackademin Ab,MYH 2020/5302,2020,80,1.54
Data/It,Fullstack Webbutvecklare,Stockholm,Stockholm,0,420,Chas Academy Ab,MYH 2020/4926,2020,84,1.62
Data/It,Futuregames Spelprogrammerare,Flera Kommuner,Flera Kommuner,1,550,Changemaker Educations Ab,MYH 2020/4849,2020,110,2.12
Data/It,Internet Of Things Developer,Västra Götaland,Göteborg,0,410,Kyh Ab Göteborg,MYH 2020/4578,2020,82,1.58
Data/It,Ios/Android Developer,Stockholm,Stockholm,0,400,Stiftelsen Stockholms Tekniska Institut,MYH 2020/4821,2020,80,1.54
Data/It,It-Infrastructure And Cloud Engineer,Stockholm,Stockholm,0,400,Lernia Utbildning Ab,MYH 2020/5092,2020,80,1.54
Data/It,It-Infrastrukturspecialist,Stockholm,Solna,0,400,Nackademin Ab,MYH 2020/5317,2020,80,1.54
Data/It,It-Projektledare,Stockholm,Stockholm,0,300,It-Högskolan Stockholm Ab,MYH 2020/5803,2020,60,1.15
Data/It,It-Projektledare,Västra Götaland,Göteborg,0,300,It-Högskolan Sverige Ab,MYH 2020/5805,2020,60,1.15
Data/It,It-Säkerhetsspecialist,Flera Kommuner,Flera Kommuner,1,400,Plushögskolan Ab - Teknikhögskolan,MYH 2020/4925,2020,80,1.54
Data/It,It-Säkerhetstekniker,Stockholm,Solna,0,400,Nackademin Ab,MYH 2020/5322,2020,80,1.54
Data/It,Java Enterprise Utvecklare,Västra Götaland,Göteborg,0,400,"Göteborgs Stad, Yrgo",MYH 2020/5257,2020,80,1.54
Data/It,Javautvecklare,Stockholm,Stockholm,0,400,It-Högskolan Stockholm Ab,MYH 2020/5824,2020,80,1.54
Data/It,Java-Utvecklare,Skåne,Lund,0,400,Plushögskolan Ab - Teknikhögskolan,MYH 2020/4449,2020,80,1.54
Data/It,Kravanalytiker,Skåne,Malmö,0,400,Newton Kompetensutveckling Ab,MYH 2020/5125,2020,80,1.54
Data/It,Microsoft 365 Developer,Stockholm,Solna,0,400,Ec Utbildning Ab Stockholm,MYH 2020/5367,2020,80,1.54
Data/It,"Mjukvaruutvecklare, Inbyggda System - Malmö",Skåne,Malmö,0,400,Movant Ab,MYH 2020/4958,2020,80,1.54
Data/It,Moln- Och Virtualiseringstekniker,Flera Kommuner,Flera Kommuner,1,400,Folkuniversitetet - Stiftelsen Kursverksamheten Vid Uppsala Universitetet,MYH 2020/5240,2020,80,1.54
Data/It,Objektorienterad Programmering Med Ai-Kompetens,Halland,Halmstad,0,300,Handelsakademin I Göteborg Ab,MYH 2020/5049,2020,60,1.15
Data/It,Objektorienterad Programmering Med Ai-Kompetens,Skåne,Malmö,0,300,Handelsakademin I Göteborg Ab,MYH 2020/5051,2020,60,1.15
Data/It,"Playgroundsquad, Upplevelse- Och Spelprogrammering",Dalarna,Falun,0,450,Tension Education Ab,MYH 2020/4832,2020,90,1.73
Data/It,Programvarutestare,Flera Kommuner,Flera Kommuner,1,400,Kyh Ab,MYH 2020/4516,2020,80,1.54
Data/It,Pythonutvecklare Med Inriktning Ai,Västmanland,Västerås,0,400,Plushögskolan Ab - Teknikhögskolan,MYH 2020/5284,2020,80,1.54
Data/It,Spelprogrammerare,Stockholm,Stockholm,0,550,Tga Utbildning Ab,MYH 2020/4932,2020,110,2.12
Data/It,Systemingenjör,Västmanland,Arboga,0,400,"Arboga Kommun, Vuxenutbildningen",MYH 2020/5249,2020,80,1.54
Data/It,Systemutvecklare - Objektorienterad Systemutveckling,Västra Götaland,Göteborg,0,400,Handelsakademin I Göteborg Ab,MYH 2020/5216,2020,80,1.54
Data/It,Systemutvecklare .Net,Halland,Varberg,0,400,Campus Varberg/Varbergs Kommun,MYH 2020/5338,2020,80,1.54
Data/It,Systemutvecklare .Net Med Ai-Kompetens,Flera Kommuner,Flera Kommuner,1,405,Edugrade Ab,MYH 2020/5843,2020,81,1.56
Data/It,"Systemutvecklare Inriktning Automation För Smart, Säker Och Hållbar Livsmedelsproduktion",Kalmar,Kalmar,0,400,Lernia Utbildning Ab,MYH 2020/5151,2020,80,1.54
Data/It,Systemutvecklare Java,Västernorrland,Sundsvall,0,400,Yrkesakademin Yh Ab,MYH 2020/3743,2020,80,1.54
Data/It,Systemutvecklare.Net,Flera Kommuner,Flera Kommuner,1,400,Campus Nyköping,MYH 2020/5575,2020,80,1.54
Data/It,Utvecklare Inom Ai & Maskininlärning,Västra Götaland,Göteborg,0,400,It-Högskolan Sverige Ab,MYH 2020/5703,2020,80,1.54
Data/It,Ux Designer,Blekinge,Karlskrona,0,450,Hyper Island Program Ab - Karlskrona,MYH 2020/5414,2020,90,1.73
Data/It,Ux-Designer Med Kravkompetens,Stockholm,Stockholm,0,400,Chas Academy Ab,MYH 2020/5206,2020,80,1.54
Data/It,Webbutvecklare Fullstack Open Source,Stockholm,Solna,0,400,Nackademin Ab,MYH 2020/5351,2020,80,1.54
Data/It,Webbutvecklare Inriktning E-Handel,Skåne,Malmö,0,400,Grit Academy Ab,MYH 2020/4924,2020,80,1.54
"Ekonomi, Administration Och Försäljning",Account Manager,Stockholm,Stockholm,0,400,Företagsekonomiska Institutet 1888 Ab,MYH 2020/5723,2020,80,1.54
"Ekonomi, Administration Och Försäljning",Account Manager,Östergötland,Linköping,0,400,Tuc Sweden Ab - Yrkeshögskola,MYH 2020/4943,2020,80,1.54
"Ekonomi, Administration Och Försäljning",Account Manager B2B,Skåne,Malmö,0,400,Ihm Business School Ab Malmö,MYH 2020/4593,2020,80,1.54
"Ekonomi, Administration Och Försäljning",Affärsinriktad Redovisningsekonom,Värmland,Karlstad,0,425,Plushögskolan Ab - Affärshögskolan,MYH 2020/4444,2020,85,1.63
"Ekonomi, Administration Och Försäljning",Affärsinriktad Redovisningsekonom,Västra Götaland,Uddevalla,0,425,Plushögskolan Ab - Affärshögskolan,MYH 2020/4441,2020,85,1.63
"Ekonomi, Administration Och Försäljning",B2B-Säljare,Örebro,Örebro,0,400,Plushögskolan Ab - Affärshögskolan,MYH 2020/4466,2020,80,1.54
"Ekonomi, Administration Och Försäljning",Business Developer,Blekinge,Karlskrona,0,325,Hyper Island Program Ab - Karlskrona,MYH 2020/5120,2020,65,1.25
"Ekonomi, Administration Och Försäljning",Butiksledare Distans,Stockholm,Stockholm,0,215,Stockholm School Of Business,MYH 2020/5718,2020,43,0.83
"Ekonomi, Administration Och Försäljning",Digital Analytics Specialist,Skåne,Malmö,0,415,Ihm Business School Ab Malmö,MYH 2020/4888,2020,83,1.6
"Ekonomi, Administration Och Försäljning",Digital Analytics Specialist,Stockholm,Stockholm,0,415,Ihm Business School Ab Stockholm,MYH 2020/4889,2020,83,1.6
"Ekonomi, Administration Och Försäljning",Digital Analytics Specialist,Västra Götaland,Göteborg,0,415,Ihm Business School Ab Göteborg,MYH 2020/4881,2020,83,1.6
"Ekonomi, Administration Och Försäljning",Digital Marketing Specialist,Stockholm,Stockholm,0,400,Ihm Business School Ab Stockholm,MYH 2020/4837,2020,80,1.54
"Ekonomi, Administration Och Försäljning",Digital Marknadsförare,Västra Götaland,Göteborg,0,400,Sälj & Marknadshögskolan I Sverige Ab,MYH 2020/4350,2020,80,1.54
"Ekonomi, Administration Och Försäljning",Digital Media Creative,Stockholm,Stockholm,0,450,Hyper Island Program Ab - Stockholm,MYH 2020/5170,2020,90,1.73
"Ekonomi, Administration Och Försäljning",Digital Redovisningsekonom/Konsult Med Löneadministration - Luleå,Norrbotten,Luleå,0,425,Nbi I Sverige Ab,MYH 2020/5010,2020,85,1.63
"Ekonomi, Administration Och Försäljning",E-Commerce Manager,Skåne,Malmö,0,400,Ihm Business School Ab Malmö,MYH 2020/5060,2020,80,1.54
"Ekonomi, Administration Och Försäljning",E-Commerce Manager,Stockholm,Stockholm,0,400,Ihm Business School Ab Stockholm,MYH 2020/5133,2020,80,1.54
"Ekonomi, Administration Och Försäljning",E-Commerce Manager,Västra Götaland,Göteborg,0,400,Ihm Business School Ab Göteborg,MYH 2020/5107,2020,80,1.54
"Ekonomi, Administration Och Försäljning",Ekonomi- Och Redovisningskonsult,Stockholm,Stockholm,0,400,Ihm Business School Ab Stockholm,MYH 2020/4595,2020,80,1.54
"Ekonomi, Administration Och Försäljning",Företagssäljare/B2B,Skåne,Lund,0,400,Hermods Ab Lund,MYH 2020/3816,2020,80,1.54
"Ekonomi, Administration Och Försäljning",Försäkringsrådgivare/Skadereglerare/Riskbedömare,Stockholm,Stockholm,0,400,Företagsekonomiska Institutet 1888 Ab,MYH 2020/5865,2020,80,1.54
"Ekonomi, Administration Och Försäljning",Hållbarhetsspecialist,Stockholm,Stockholm,0,400,Stockholms Internationella Handelsskola Ab,MYH 2020/4711,2020,80,1.54
"Ekonomi, Administration Och Försäljning",Hälso- Och Vårdadministratör,Skåne,Landskrona,0,400,"Landskrona Stad, Yrkeshögskolan Landskrona",MYH 2020/5305,2020,80,1.54
"Ekonomi, Administration Och Försäljning",Inköp & Supply Management,Norrbotten,Luleå,0,425,Nbi I Sverige Ab,MYH 2020/4974,2020,85,1.63
"Ekonomi, Administration Och Försäljning",Inköp & Supply Management,Västra Götaland,Göteborg,0,425,Nbi I Sverige Ab,MYH 2020/4975,2020,85,1.63
"Ekonomi, Administration Och Försäljning",Inköp & Supply Management,Kronoberg,Växjö,0,425,Nbi I Sverige Ab,MYH 2020/4971,2020,85,1.63
"Ekonomi, Administration Och Försäljning",Inköpare & Upphandlare,Västmanland,Västerås,0,415,Plushögskolan Ab - Affärshögskolan,MYH 2020/4061,2020,83,1.6
"Ekonomi, Administration Och Försäljning",International Account Manager,Stockholm,Stockholm,0,400,Ihm Business School Ab Stockholm,MYH 2020/4597,2020,80,1.54
"Ekonomi, Administration Och Försäljning",Internationell Inköpare,Stockholm,Stockholm,0,400,Stockholms Internationella Handelsskola Ab,MYH 2020/4716,2020,80,1.54
"Ekonomi, Administration Och Försäljning",Internationell Inköpare Inom Textil/Mode/Funktion,Västra Götaland,Borås,0,400,Stiftelsen Proteko - Nordiska Textilakademin,MYH 2020/5789,2020,80,1.54
"Ekonomi, Administration Och Försäljning",Internationell Redovisningsekonom,Stockholm,Stockholm,0,400,Stockholms Internationella Handelsskola Ab,MYH 2020/4722,2020,80,1.54
"Ekonomi, Administration Och Försäljning",Internationell Redovisningsekonom,Östergötland,Norrköping,0,400,Stockholms Internationella Handelsskola Ab,MYH 2020/4710,2020,80,1.54
"Ekonomi, Administration Och Försäljning",Internationell Säljare Och Marknadsförare,Västra Götaland,Göteborg,0,400,Sälj & Marknadshögskolan I Sverige Ab,MYH 2020/4349,2020,80,1.54
"Ekonomi, Administration Och Försäljning",Key Account Manager,Västra Götaland,Göteborg,0,200,Sälj & Marknadshögskolan I Sverige Ab,MYH 2020/4341,2020,40,0.77
"Ekonomi, Administration Och Försäljning","Kvalificerad Lönekonsult, Digitala Systemlösningar",Flera Kommuner,Flera Kommuner,1,400,Medborgarskolan I Stockholm - Påhlmans Handelsinstitut,MYH 2020/5449,2020,80,1.54
"Ekonomi, Administration Och Försäljning",Lönekonsult,Skåne,Helsingborg,0,325,Competensum Skåne Nordväst Ab,MYH 2020/4988,2020,65,1.25
"Ekonomi, Administration Och Försäljning",Lönespecialist,Jämtland,Östersund,0,300,Iterum Education Ab,MYH 2020/5471,2020,60,1.15
"Ekonomi, Administration Och Försäljning",Lönespecialist,Västra Götaland,Göteborg,0,300,Iterum Education Ab,MYH 2020/5469,2020,60,1.15
"Ekonomi, Administration Och Försäljning",Lönespecialist,Östergötland,Linköping,0,300,Tuc Sweden Ab - Yrkeshögskola,MYH 2020/4615,2020,60,1.15
"Ekonomi, Administration Och Försäljning",Marketing Automation,Stockholm,Stockholm,0,400,Medieinstitutet I Sverige Ab,MYH 2020/5681,2020,80,1.54
"Ekonomi, Administration Och Försäljning",Marknadskoordinator,Stockholm,Stockholm,0,320,Medieinstitutet I Sverige Ab,MYH 2020/5687,2020,64,1.23
"Ekonomi, Administration Och Försäljning",Medicinsk Sekreterare,Dalarna,Falun,0,400,Folkuniversitetet - Stiftelsen Kursverksamheten Vid Uppsala Universitetet,MYH 2020/4230,2020,80,1.54
"Ekonomi, Administration Och Försäljning",Medicinsk Sekreterare,Flera Kommuner,Flera Kommuner,1,400,Campus Nyköping,MYH 2020/4215,2020,80,1.54
"Ekonomi, Administration Och Försäljning",Medicinsk Sekreterare,Skåne,Kristianstad,0,400,"Kristianstad Kommun, Vuxenutbildningen",MYH 2020/5166,2020,80,1.54
"Ekonomi, Administration Och Försäljning",Medicinsk Sekreterare,Stockholm,Stockholm,0,400,"Stockholms Stad, Frans Schartaus Handelsinstitut",MYH 2020/5719,2020,80,1.54
"Ekonomi, Administration Och Försäljning",Medicinsk Sekreterare,Västra Götaland,Göteborg,0,400,"Göteborgs Stad, Yrgo",MYH 2020/5395,2020,80,1.54
"Ekonomi, Administration Och Försäljning",Medicinsk Sekreterare,Västra Götaland,Göteborg,0,400,"Göteborgs Stad, Yrgo",MYH 2020/5670,2020,80,1.54
"Ekonomi, Administration Och Försäljning",Medicinsk Sekreterare,Västra Götaland,Vänersborg,0,400,"Kunskapsförbundet Väst, Vuxenutbildningen",MYH 2020/4540,2020,80,1.54
"Ekonomi, Administration Och Försäljning",Medicinsk Sekreterare/Koordinator,Halland,Varberg,0,400,Campus Varberg/Varbergs Kommun,MYH 2020/5307,2020,80,1.54
"Ekonomi, Administration Och Försäljning",Medicinsk Sekreterare/Vårdadministratör,Västernorrland,Sundsvall,0,400,"Sundsvalls Kommun, Vuxenutbildningen",MYH 2020/4600,2020,80,1.54
"Ekonomi, Administration Och Försäljning",Music Business Developer,Stockholm,Stockholm,0,380,Dmg Education,MYH 2020/5850,2020,76,1.46
"Ekonomi, Administration Och Försäljning",Offentlig Upphandlare,Stockholm,Stockholm,0,400,"Stockholms Stad, Frans Schartaus Handelsinstitut",MYH 2020/5646,2020,80,1.54
"Ekonomi, Administration Och Försäljning",Offentlig Upphandlare,Västra Götaland,Göteborg,0,400,"Göteborgs Stad, Yrgo",MYH 2020/5655,2020,80,1.54
"Ekonomi, Administration Och Försäljning",Offentlig Upphandlare/Inköpare,Jönköping,Jönköping,0,425,Tuc Sweden Ab - Yrkeshögskola,MYH 2020/4976,2020,85,1.63
"Ekonomi, Administration Och Försäljning",Onlinemarknadsförare,Skåne,Malmö,0,320,Medieinstitutet I Sverige Ab,MYH 2020/5696,2020,64,1.23
"Ekonomi, Administration Och Försäljning",Onlinemarknadsförare,Stockholm,Stockholm,0,320,Medieinstitutet I Sverige Ab,MYH 2020/5701,2020,64,1.23
"Ekonomi, Administration Och Försäljning",Public Bid Manager,Flera Kommuner,Flera Kommuner,1,400,Ihm Business School Ab Göteborg,MYH 2020/5293,2020,80,1.54
"Ekonomi, Administration Och Försäljning",Redovisningsekonom,Västra Götaland,Göteborg,0,415,Hermods Ab Göteborg,MYH 2020/4120,2020,83,1.6
"Ekonomi, Administration Och Försäljning",Redovisningsekonom,Flera Kommuner,Flera Kommuner,1,430,Tuc Sweden Ab - Yrkeshögskola,MYH 2020/4610,2020,86,1.65
"Ekonomi, Administration Och Försäljning",Redovisningsekonom,Skåne,Eslöv,0,400,"Eslövs Kommun, Yrkeshögskolan I Eslöv",MYH 2020/4986,2020,80,1.54
"Ekonomi, Administration Och Försäljning",Redovisningsekonom,Stockholm,Stockholm,0,430,Tuc Sweden Ab - Yrkeshögskola,MYH 2020/4795,2020,86,1.65
"Ekonomi, Administration Och Försäljning",Redovisningsekonom,Västra Götaland,Lidköping,0,430,Tuc Sweden Ab - Yrkeshögskola,MYH 2020/4614,2020,86,1.65
"Ekonomi, Administration Och Försäljning",Redovisningsekonom,Östergötland,Linköping,0,430,Tuc Sweden Ab - Yrkeshögskola,MYH 2020/4612,2020,86,1.65
"Ekonomi, Administration Och Försäljning",Redovisningskonsult,Skåne,Kristianstad,0,420,"Kristianstad Kommun, Vuxenutbildningen",MYH 2020/5187,2020,84,1.62
"Ekonomi, Administration Och Försäljning",Redovisningskonsult,Västra Götaland,Göteborg,0,410,Stockholm School Of Business,MYH 2020/5605,2020,82,1.58
"Ekonomi, Administration Och Försäljning",Strategiskt Inköp Och Upphandling,Stockholm,Stockholm,0,430,One Academy Ab,MYH 2020/5301,2020,86,1.65
"Ekonomi, Administration Och Försäljning",Säljare B2B,Skåne,Malmö,0,400,Stockholm School Of Business,MYH 2020/5665,2020,80,1.54
"Ekonomi, Administration Och Försäljning",Technical Account Manager,Västra Götaland,Göteborg,0,420,Hermods Ab Göteborg,MYH 2020/4532,2020,84,1.62
"Ekonomi, Administration Och Försäljning",Visual Merchandiser,Stockholm,Stockholm,0,300,Stockholm School Of Business,MYH 2020/5732,2020,60,1.15
"Ekonomi, Administration Och Försäljning",Visual Merchandiser - Unified Commerce,Skåne,Malmö,0,400,Ihm Business School Ab Malmö,MYH 2020/4895,2020,80,1.54
"Ekonomi, Administration Och Försäljning",Vårdadministratör,Östergötland,Linköping,0,400,Östsvenska Yrkeshögskolan Ab,MYH 2020/4980,2020,80,1.54
"Ekonomi, Administration Och Försäljning",Vårdadministratör - Medicinsk Sekreterare,Värmland,Karlstad,0,400,"Karlstads Kommun, Yrkeshögskolan",MYH 2020/5356,2020,80,1.54
"Ekonomi, Administration Och Försäljning",Vårdadministratör - Medicinsk Sekreterare,Värmland,Kristinehamn,0,400,"Kristinehamns Kommun, Komvux",MYH 2020/4692,2020,80,1.54
Friskvård Och Kroppsvård,Hud- Och Massageterapeut,Stockholm,Stockholm,0,300,Yrkeshögskolan För Hudvård & Spa Ab,MYH 2020/5069,2020,60,1.15
Friskvård Och Kroppsvård,Hud- Och Spaterapeut,Västra Götaland,Göteborg,0,300,Yrkeshögskolan För Hudvård & Spa Ab,MYH 2020/5079,2020,60,1.15
"Hotell, Restaurang Och Turism",Affärsutvecklare Besöksnäring,Flera Kommuner,Flera Kommuner,1,400,Yrkesakademin Yh Ab,MYH 2020/5062,2020,80,1.54
"Hotell, Restaurang Och Turism","Arbetsledare, Måltidsservice",Stockholm,Stockholm,0,200,Tuc Sweden Ab - Yrkeshögskola,MYH 2020/4606,2020,40,0.77
"Hotell, Restaurang Och Turism",Arctic Hospitality Leader,Norrbotten,Boden,0,300,Changemaker Educations Ab,MYH 2020/4826,2020,60,1.15
"Hotell, Restaurang Och Turism",Destination Management,Stockholm,Stockholm,0,400,Tec Travel Education Centre Ab,MYH 2020/5642,2020,80,1.54
"Hotell, Restaurang Och Turism",Food & Beverage Manager,Flera Kommuner,Flera Kommuner,1,300,Företagsekonomiska Institutet 1888 Ab,MYH 2020/5890,2020,60,1.15
"Hotell, Restaurang Och Turism",Hotel Management,Stockholm,Stockholm,0,400,"Stockholms Stad, Frans Schartaus Handelsinstitut",MYH 2020/5565,2020,80,1.54
"Hotell, Restaurang Och Turism",Konceptutvecklare Event Och Besöksnäring,Stockholm,Stockholm,0,400,Ihm Business School Ab Stockholm,MYH 2020/4991,2020,80,1.54
"Hotell, Restaurang Och Turism",Konceptutvecklare Event Och Besöksnäring,Västra Götaland,Göteborg,0,400,Ihm Business School Ab Göteborg,MYH 2020/4984,2020,80,1.54
"Hotell, Restaurang Och Turism",Operativ Ledare – Inriktning Revenue Management,Skåne,Båstad,0,150,Båstad Kommun Akademi Båstad,MYH 2020/5702,2020,30,0.58
"Hotell, Restaurang Och Turism",Revenue Management  & Data Analyst,Stockholm,Stockholm,0,200,"Stockholms Stad, Frans Schartaus Handelsinstitut",MYH 2020/5864,2020,40,0.77
"Hotell, Restaurang Och Turism",Trac Internationell Turism- Och Resekonsult Med Iata,Skåne,Malmö,0,400,Tec Travel Education Centre Ab,MYH 2020/5649,2020,80,1.54
"Hotell, Restaurang Och Turism",Trac Internationell Turism- Och Resekonsult Med Iata,Stockholm,Stockholm,0,400,Tec Travel Education Centre Ab,MYH 2020/5645,2020,80,1.54
"Hotell, Restaurang Och Turism",Trac Turism -Och Resekonsult,Stockholm,Stockholm,0,400,"Stockholms Stad, Frans Schartaus Handelsinstitut",MYH 2020/5308,2020,80,1.54
"Hotell, Restaurang Och Turism",Trac Turism- Och Resekonsult,Västra Götaland,Göteborg,0,400,"Göteborgs Stad, Yrgo",MYH 2020/5406,2020,80,1.54
Hälso- Och Sjukvård Samt Socialt Arbete,Ambulanssjukvårdare,Stockholm,Stockholm,0,200,Medlearn Ab,MYH 2020/5349,2020,40,0.77
Hälso- Och Sjukvård Samt Socialt Arbete,Ambulanssjukvårdare,Västra Götaland,Skövde,0,200,"Skövde Kommun, Skövde Yrkeshögskola",MYH 2020/5330,2020,40,0.77
Hälso- Och Sjukvård Samt Socialt Arbete,Apotekstekniker,Jönköping,Jönköping,0,300,Tuc Sweden Ab - Yrkeshögskola,MYH 2020/4481,2020,60,1.15
Hälso- Och Sjukvård Samt Socialt Arbete,Apotekstekniker,Västernorrland,Sundsvall,0,300,Lernia Utbildning Ab,MYH 2020/5128,2020,60,1.15
Hälso- Och Sjukvård Samt Socialt Arbete,Apotekstekniker,Östergötland,Linköping,0,300,Lernia Utbildning Ab,MYH 2020/5130,2020,60,1.15
Hälso- Och Sjukvård Samt Socialt Arbete,Barnspecialiserad Undersköterska Med Inriktning Mot Funktionsnedsättning,Värmland,Karlstad,0,200,"Karlstads Kommun, Yrkeshögskolan",MYH 2020/5393,2020,40,0.77
Hälso- Och Sjukvård Samt Socialt Arbete,Behandlingsassistent,Värmland,Forshaga,0,400,"Forshaga Kommun, Forshaga Yrkeshögskola",MYH 2020/5189,2020,80,1.54
Hälso- Och Sjukvård Samt Socialt Arbete,Behandlingspedagog,Södermanland,Nyköping,0,400,Campus Nyköping,MYH 2020/3237,2020,80,1.54
Hälso- Och Sjukvård Samt Socialt Arbete,Behandlingspedagog,Västernorrland,Sundsvall,0,400,Yrkesakademin Yh Ab,MYH 2020/5359,2020,80,1.54
Hälso- Och Sjukvård Samt Socialt Arbete,Behandlingspedagog - Neuropsykiatriska Funktionsnedsättningar,Jönköping,Eksjö,0,400,Högskolan För Lärande Och Kommunikation I Jönköping Ab,MYH 2020/5288,2020,80,1.54
Hälso- Och Sjukvård Samt Socialt Arbete,Behandlingspedagog/Socialpedagog,Stockholm,Stockholm,0,400,Stadsmissionens Yrkeshögskola,MYH 2020/5318,2020,80,1.54
Hälso- Och Sjukvård Samt Socialt Arbete,Demens- Och Äldrepsykiatrispecialiserad Undersköterska,Västerbotten,Skellefteå,0,200,Skellefteå Kommun Vuxenutbildningen,MYH 2020/3833,2020,40,0.77
Hälso- Och Sjukvård Samt Socialt Arbete,Instrument- Och Steriltekniker,Stockholm,Stockholm,0,315,Plushögskolan Ab - Vårdyrkeshögskolan,MYH 2020/4454,2020,63,1.21
Hälso- Och Sjukvård Samt Socialt Arbete,Instrument- Och Steriltekniker,Västerbotten,Umeå,0,315,Plushögskolan Ab - Vårdyrkeshögskolan,MYH 2020/4298,2020,63,1.21
Hälso- Och Sjukvård Samt Socialt Arbete,Instrument- Och Steriltekniker,Västra Götaland,Göteborg,0,315,Hermods Ab Göteborg,MYH 2020/3806,2020,63,1.21
Hälso- Och Sjukvård Samt Socialt Arbete,Instrument- Och Steriltekniker,Flera Kommuner,Flera Kommuner,1,315,Plushögskolan Ab - Vårdyrkeshögskolan,MYH 2020/4448,2020,63,1.21
Hälso- Och Sjukvård Samt Socialt Arbete,Integrationspedagog Med Arbetsmarknadskompetens,Gävleborg,Hudiksvall,0,225,Hudiksvall Kommun Cul,MYH 2020/4648,2020,45,0.87
Hälso- Och Sjukvård Samt Socialt Arbete,Medicinsk Fotterapeut,Jönköping,Tranås,0,300,Tuc Sweden Ab - Yrkeshögskola,MYH 2020/4799,2020,60,1.15
Hälso- Och Sjukvård Samt Socialt Arbete,Medicinsk Fotterapeut,Västernorrland,Örnsköldsvik,0,300,Kunskap & Kompetens I Sverige Ab,MYH 2020/5488,2020,60,1.15
Hälso- Och Sjukvård Samt Socialt Arbete,Medicinsk Fotterapeut,Västra Götaland,Göteborg,0,300,"Göteborgs Stad, Yrgo",MYH 2020/5464,2020,60,1.15
Hälso- Och Sjukvård Samt Socialt Arbete,Psykiatrispecialiserad Undersköterska / Skötare / Boendestödjare,Kronoberg,Växjö,0,200,"Region Kronoberg, Yh Region Kronoberg",MYH 2020/4594,2020,40,0.77
Hälso- Och Sjukvård Samt Socialt Arbete,Psykiatrispecialiserad Undersköterska/Skötare/Stödpedagog,Flera Kommuner,Flera Kommuner,1,200,"Göteborgs Stad, Yrgo",MYH 2020/5461,2020,40,0.77
Hälso- Och Sjukvård Samt Socialt Arbete,"Skötare I Psykiatrisk Verksamhet För Barn, Unga Och Vuxna",Dalarna,Säter,0,400,"Region Dalarna, Psykiatrins Utvecklingsenhet",MYH 2020/4688,2020,80,1.54
Hälso- Och Sjukvård Samt Socialt Arbete,Socialpedagog,Jämtland,Östersund,0,400,Folkuniversitetet – Kursverksamheten Vid Umeå Universitet,MYH 2020/5348,2020,80,1.54
Hälso- Och Sjukvård Samt Socialt Arbete,Socialpedagog Med Särskild Kompetens Inom Kbt,Halland,Halmstad,0,400,Sverigehälsan Ab,MYH 2020/5571,2020,80,1.54
Hälso- Och Sjukvård Samt Socialt Arbete,Specialist Undersköterska - Palliativ Vård,Jönköping,Jönköping,0,210,Tuc Sweden Ab - Yrkeshögskola,MYH 2020/4942,2020,42,0.81
Hälso- Och Sjukvård Samt Socialt Arbete,Specialistundersköterska - Äldre Och Välfärdsteknik,Flera Kommuner,Flera Kommuner,1,200,"Oskarshamns Kommun, Nova Utbildning, Fou & Affärsutveckling",MYH 2020/5341,2020,40,0.77
Hälso- Och Sjukvård Samt Socialt Arbete,Specialistundersköterska Anestesi- Och Operationssjukvård,Östergötland,Linköping,0,200,Östsvenska Yrkeshögskolan Ab,MYH 2020/5006,2020,40,0.77
Hälso- Och Sjukvård Samt Socialt Arbete,Specialistundersköterska Barn Och Ungdomssjukvård,Kronoberg,Växjö,0,200,"Region Kronoberg, Yh Region Kronoberg",MYH 2020/4572,2020,40,0.77
Hälso- Och Sjukvård Samt Socialt Arbete,Specialistundersköterska Inom Barnsjukvård,Västernorrland,Sundsvall,0,210,"Sundsvalls Kommun, Vuxenutbildningen",MYH 2020/5202,2020,42,0.81
Hälso- Och Sjukvård Samt Socialt Arbete,Specialistundersköterska Inom Kvalificerad Sjukvård,Skåne,Båstad,0,200,Båstad Kommun Akademi Båstad,MYH 2020/5828,2020,40,0.77
Hälso- Och Sjukvård Samt Socialt Arbete,Specialistundersköterska Inom Multisjukdom Hos Äldre,Blekinge,Karlskrona,0,210,Hermods Ab Karlskrona,MYH 2020/4566,2020,42,0.81
Hälso- Och Sjukvård Samt Socialt Arbete,Specialistundersköterska Inom Psykiatri,Västerbotten,Skellefteå,0,200,Lernia Utbildning Ab,MYH 2020/5143,2020,40,0.77
Hälso- Och Sjukvård Samt Socialt Arbete,Specialistundersköterska Inriktning Palliativ Vård,Blekinge,Karlskrona,0,210,Hermods Ab Karlskrona,MYH 2020/4565,2020,42,0.81
Hälso- Och Sjukvård Samt Socialt Arbete,Specialistundersköterska Med Neuropsykiatrikompetens,Uppsala,Uppsala,0,225,Yrkesakademin Yh Ab,MYH 2020/5379,2020,45,0.87
Hälso- Och Sjukvård Samt Socialt Arbete,Specialistundersköterska Multisjuka Äldre,Östergötland,Linköping,0,200,Kompetensutvecklingsinstitutet Sverige Ab,MYH 2020/4065,2020,40,0.77
Hälso- Och Sjukvård Samt Socialt Arbete,Specialistundersköterska Multisjuka Äldre,Norrbotten,Piteå,0,200,Medlearn Ab,MYH 2020/4936,2020,40,0.77
Hälso- Och Sjukvård Samt Socialt Arbete,Specialistundersköterska Psykiatri,Flera Kommuner,Flera Kommuner,1,200,Kompetensutvecklingsinstitutet Sverige Ab,MYH 2020/5757,2020,40,0.77
Hälso- Och Sjukvård Samt Socialt Arbete,Specialistundersköterska Psykiatrisk Verksamhet,Flera Kommuner,Flera Kommuner,1,220,Hermods Ab Östersund,MYH 2020/4485,2020,44,0.85
Hälso- Och Sjukvård Samt Socialt Arbete,Specialistutbildad Undersköterska Akutsjukvård,Flera Kommuner,Flera Kommuner,1,200,"Göteborgs Stad, Yrgo",MYH 2020/5460,2020,40,0.77
Hälso- Och Sjukvård Samt Socialt Arbete,Specialistutbildad Undersköterska Inom Demens,Skåne,Lund,0,200,Consensum Yh Lund,MYH 2020/5507,2020,40,0.77
Hälso- Och Sjukvård Samt Socialt Arbete,Specialistutbildad Undersköterska Inom Psykisk Ohälsa,Stockholm,Sollentuna,0,200,Consensum Yh Sollentuna,MYH 2020/4772,2020,40,0.77
Hälso- Och Sjukvård Samt Socialt Arbete,Specialistutbildad Undersköterska/Stödassistent Inom Välfärdsteknologi,Västra Götaland,Skövde,0,100,"Skövde Kommun, Skövde Yrkeshögskola",MYH 2020/5350,2020,20,0.38
Hälso- Och Sjukvård Samt Socialt Arbete,Stödpedagog,Blekinge,Karlskrona,0,200,Hermods Ab Karlskrona,MYH 2020/4563,2020,40,0.77
Hälso- Och Sjukvård Samt Socialt Arbete,Stödpedagog,Skåne,Landskrona,0,200,"Landskrona Stad, Yrkeshögskolan Landskrona",MYH 2020/5423,2020,40,0.77
Hälso- Och Sjukvård Samt Socialt Arbete,Stödpedagog,Västerbotten,Skellefteå,0,200,Skellefteå Kommun Vuxenutbildningen,MYH 2020/3730,2020,40,0.77
Hälso- Och Sjukvård Samt Socialt Arbete,Stödpedagog,Västmanland,Arboga,0,200,"Arboga Kommun, Vuxenutbildningen",MYH 2020/5059,2020,40,0.77
Hälso- Och Sjukvård Samt Socialt Arbete,Stödpedagog,Västra Götaland,Borås,0,200,Borås Stad - Borås Yrkeshögskola,MYH 2020/5494,2020,40,0.77
Hälso- Och Sjukvård Samt Socialt Arbete,Stödpedagog,Västra Götaland,Skövde,0,200,"Skövde Kommun, Skövde Yrkeshögskola",MYH 2020/5058,2020,40,0.77
Hälso- Och Sjukvård Samt Socialt Arbete,Stödpedagog,Flera Kommuner,Flera Kommuner,1,200,Kompetensutvecklingsinstitutet Sverige Ab,MYH 2020/4378,2020,40,0.77
Hälso- Och Sjukvård Samt Socialt Arbete,Stödpedagog,Skåne,Malmö,0,200,Kompetensutvecklingsinstitutet Sverige Ab,MYH 2020/4379,2020,40,0.77
Hälso- Och Sjukvård Samt Socialt Arbete,Stödpedagog Inom Funktionshinderområdet,Skåne,Simrishamn,0,200,Folkuniversitetet - Kursverksamheten Vid Lunds Universitet,MYH 2020/4613,2020,40,0.77
Hälso- Och Sjukvård Samt Socialt Arbete,Stödpedagog Inom Funktionshinderområdet,Västra Götaland,Uddevalla,0,200,"Uddevalla Kommun, Vuxenutbildningen",MYH 2020/4314,2020,40,0.77
Hälso- Och Sjukvård Samt Socialt Arbete,Stödpedagog Inom Funktionshinderområdet,Östergötland,Söderköping,0,200,Östsvenska Yrkeshögskolan Ab,MYH 2020/4987,2020,40,0.77
Hälso- Och Sjukvård Samt Socialt Arbete,Tandsköterska,Kronoberg,Växjö,0,325,"Region Kronoberg, Yh Region Kronoberg",MYH 2020/4564,2020,65,1.25
Hälso- Och Sjukvård Samt Socialt Arbete,Tandsköterska,Skåne,Kristianstad,0,325,"Kristianstad Kommun, Vuxenutbildningen",MYH 2020/4983,2020,65,1.25
Hälso- Och Sjukvård Samt Socialt Arbete,Tandsköterska,Skåne,Lund,0,325,Plushögskolan Ab - Vårdyrkeshögskolan,MYH 2020/4440,2020,65,1.25
Hälso- Och Sjukvård Samt Socialt Arbete,Tandsköterska,Södermanland,Nyköping,0,325,Campus Nyköping,MYH 2020/4776,2020,65,1.25
Hälso- Och Sjukvård Samt Socialt Arbete,Tandsköterska,Uppsala,Uppsala,0,325,Folkuniversitetet - Stiftelsen Kursverksamheten Vid Uppsala Universitetet,MYH 2020/5400,2020,65,1.25
Hälso- Och Sjukvård Samt Socialt Arbete,Tandsköterska,Värmland,Karlstad,0,325,Plushögskolan Ab - Vårdyrkeshögskolan,MYH 2020/4475,2020,65,1.25
Hälso- Och Sjukvård Samt Socialt Arbete,Tandsköterska,Västerbotten,Umeå,0,325,Umevux,MYH 2020/5884,2020,65,1.25
Hälso- Och Sjukvård Samt Socialt Arbete,Tandsköterska,Dalarna,Falun,0,325,Folkuniversitetet - Stiftelsen Kursverksamheten Vid Uppsala Universitetet,MYH 2020/4229,2020,65,1.25
Hälso- Och Sjukvård Samt Socialt Arbete,Tandsköterska,Stockholm,Solna,0,325,Svensk Vård Och Kompetensutveckling I Stockholm Ab,MYH 2020/5457,2020,65,1.25
Hälso- Och Sjukvård Samt Socialt Arbete,Välfärdstekniksamordnare,Stockholm,Solna,0,100,Nackademin Ab,MYH 2020/5360,2020,20,0.38
Journalistik Och Information,Digital Marketing/Growth Manager,Stockholm,Solna,0,400,Nackademin Ab,MYH 2020/5281,2020,80,1.54
Journalistik Och Information,Operativ Digital Kommunikatör,Flera Kommuner,Flera Kommuner,1,300,Lidköpings Kommun Campus Lidköping,MYH 2020/4590,2020,60,1.15
Journalistik Och Information,Social Media Manager,Stockholm,Solna,0,310,Nackademin Ab,MYH 2020/5272,2020,62,1.19
Journalistik Och Information,Teknikinformatör,Kronoberg,Växjö,0,230,Ec Utbildning Ab Växjö,MYH 2020/5557,2020,46,0.88
Journalistik Och Information,Teknikinformatör,Skåne,Malmö,0,220,Hermods Ab Malmö,MYH 2020/3803,2020,44,0.85
Journalistik Och Information,Webbkommunikatör Sociala Medier,Västra Götaland,Göteborg,0,400,Medieinstitutet I Sverige Ab,MYH 2020/5713,2020,80,1.54
Juridik,Dokumentcontroller / Registrator,Stockholm,Botkyrka,0,200,"Botkyrka Kommun, Xenter Botkyrka",MYH 2020/4992,2020,40,0.77
Juridik,Paralegal,Västra Götaland,Göteborg,0,400,"Göteborgs Stad, Yrgo",MYH 2020/5404,2020,80,1.54
Juridik,Paralegal - Juridisk Handläggare,Västernorrland,Sundsvall,0,400,"Sundsvalls Kommun, Vuxenutbildningen",MYH 2020/5066,2020,80,1.54
"Kultur, Media Och Design",Digital Art Director Och Copywriter,Västra Götaland,Borås,0,400,Borås Stad - Borås Yrkeshögskola,MYH 2020/5767,2020,80,1.54
"Kultur, Media Och Design",Digital Content Designer,Stockholm,Stockholm,0,400,Medieinstitutet I Sverige Ab,MYH 2020/5769,2020,80,1.54
"Kultur, Media Och Design",Digital Content Designer Göteborg,Västra Götaland,Göteborg,0,400,Medieinstitutet I Sverige Ab,MYH 2020/5774,2020,80,1.54
"Kultur, Media Och Design",Digital Designer,Västra Götaland,Göteborg,0,400,"Göteborgs Stad, Yrgo",MYH 2020/5514,2020,80,1.54
"Kultur, Media Och Design",Digital Utbildningsproducent,Stockholm,Stockholm,0,215,Kunskap & Kompetens I Sverige Ab,MYH 2020/5516,2020,43,0.83
"Kultur, Media Och Design",Futuregames Spelartist,Flera Kommuner,Flera Kommuner,1,470,Changemaker Educations Ab,MYH 2020/5584,2020,94,1.81
"Kultur, Media Och Design",Futuregames Speldesigner,Norrbotten,Boden,0,450,Changemaker Educations Ab,MYH 2020/4846,2020,90,1.73
"Kultur, Media Och Design",Förpackningsutvecklare/-Designer,Stockholm,Solna,0,400,Nackademin Ab,MYH 2020/5311,2020,80,1.54
"Kultur, Media Och Design",Grafisk Formgivare/Tekniker,Värmland,Sunne,0,410,Sunne Kommun/Broby Grafiska,MYH 2020/4755,2020,82,1.58
"Kultur, Media Och Design",Ip Grafisk Produktion Och Form,Västra Götaland,Göteborg,0,400,"Göteborgs Stad, Yrgo",MYH 2020/5493,2020,80,1.54
"Kultur, Media Och Design",Kvalificerad Filmarbetare / Film Professional,Skåne,Malmö,0,400,Skurups Folkhögskoleförening,MYH 2020/4985,2020,80,1.54
"Kultur, Media Och Design",Kyrkomusiker 100%,Västernorrland,Örnsköldsvik,0,500,Föreningen Mellansels Folkhögskola,MYH 2020/5070,2020,100,1.92
"Kultur, Media Och Design",Kyrkomusiker 50%,Västernorrland,Örnsköldsvik,0,500,Föreningen Mellansels Folkhögskola,MYH 2020/5072,2020,100,1.92
"Kultur, Media Och Design",Leveldesigner,Stockholm,Stockholm,0,550,Tga Utbildning Ab,MYH 2020/4930,2020,110,2.12
"Kultur, Media Och Design",Livesändningsspecialist,Stockholm,Botkyrka,0,300,"Botkyrka Kommun, Xenter Botkyrka",MYH 2020/4996,2020,60,1.15
"Kultur, Media Och Design",Manusförfattare,Västra Götaland,Göteborg,0,400,"Göteborgs Stad, Yrgo",MYH 2020/5491,2020,80,1.54
"Kultur, Media Och Design",Musikmakarna - Songwriters Academy Of Sweden,Västernorrland,Örnsköldsvik,0,400,Föreningen Mellansels Folkhögskola,MYH 2020/5887,2020,80,1.54
"Kultur, Media Och Design","Playgroundsquad, Upplevelse- Och Speldesign",Dalarna,Falun,0,450,Tension Education Ab,MYH 2020/4830,2020,90,1.73
"Kultur, Media Och Design","Playgroundsquad, Upplevelse- Och Spelgrafik",Dalarna,Falun,0,450,Tension Education Ab,MYH 2020/4831,2020,90,1.73
"Kultur, Media Och Design",Producent Film Och Tv-Drama,Västra Götaland,Göteborg,0,400,"Göteborgs Stad, Yrgo",MYH 2020/5368,2020,80,1.54
"Kultur, Media Och Design",Projektledare Inom Möbel- Och Inredningsbranschen,Västra Götaland,Tibro,0,400,Tibro Hantverksakademi,MYH 2020/4786,2020,80,1.54
"Kultur, Media Och Design",Spelgrafiker,Stockholm,Stockholm,0,550,Tga Utbildning Ab,MYH 2020/4931,2020,110,2.12
"Kultur, Media Och Design",Vfx-Artist,Stockholm,Botkyrka,0,500,"Botkyrka Kommun, Xenter Botkyrka",MYH 2020/4999,2020,100,1.92
"Lantbruk, Djurvård, Trädgård, Skog Och Fiske",Agrotekniker,Västra Götaland,Skara,0,400,"Västra Götalands Läns Landsting, Biologiska Yrkeshögskolan I Skara - Bys",MYH 2020/5446,2020,80,1.54
"Lantbruk, Djurvård, Trädgård, Skog Och Fiske",Akvaponiingenjör,Stockholm,Norrtälje,0,400,Väddö Folkhögskola,MYH 2020/5009,2020,80,1.54
"Lantbruk, Djurvård, Trädgård, Skog Och Fiske",Arborist,Skåne,Staffanstorp,0,400,Hvilan Utbildning Ab,MYH 2020/4912,2020,80,1.54
"Lantbruk, Djurvård, Trädgård, Skog Och Fiske",Beridarutbildning,Skåne,Lund,0,600,Flyinge Ab,MYH 2020/5186,2020,120,2.31
"Lantbruk, Djurvård, Trädgård, Skog Och Fiske",Driftledare Lantbruk,Östergötland,Linköping,0,200,Östergötlands Läns Landsting  - Vreta Utbildingscentrum,MYH 2020/5474,2020,40,0.77
"Lantbruk, Djurvård, Trädgård, Skog Och Fiske",Hovslagare,Västra Götaland,Skara,0,600,"Västra Götalands Läns Landsting, Biologiska Yrkeshögskolan I Skara - Bys",MYH 2020/5289,2020,120,2.31
"Lantbruk, Djurvård, Trädgård, Skog Och Fiske",Hovslagarutbildning,Skåne,Eslöv,0,600,Flyinge Ab,MYH 2020/4782,2020,120,2.31
"Lantbruk, Djurvård, Trädgård, Skog Och Fiske",Klövvårdare,Västra Götaland,Skara,0,200,"Västra Götalands Läns Landsting, Biologiska Yrkeshögskolan I Skara - Bys",MYH 2020/5260,2020,40,0.77
"Lantbruk, Djurvård, Trädgård, Skog Och Fiske",Kvalificerad Djurvårdare - Nivå 2,Västra Götaland,Skara,0,300,"Västra Götalands Läns Landsting, Biologiska Yrkeshögskolan I Skara - Bys",MYH 2020/5328,2020,60,1.15
"Lantbruk, Djurvård, Trädgård, Skog Och Fiske",Kvalificerad Tilläggsutbildning För Yrkesverksam Hovslagare,Skåne,Lund,0,200,Flyinge Ab,MYH 2020/4781,2020,40,0.77
"Lantbruk, Djurvård, Trädgård, Skog Och Fiske",Kvalificerad Tilläggsutbildning För Yrkesverksam Hovslagare,Västra Götaland,Skara,0,200,"Västra Götalands Läns Landsting, Biologiska Yrkeshögskolan I Skara - Bys",MYH 2020/5282,2020,40,0.77
"Lantbruk, Djurvård, Trädgård, Skog Och Fiske",Kvalificerad Trädgårdsmästare – Hållbar Utemiljöförvaltning,Skåne,Båstad,0,300,Båstad Kommun Akademi Båstad,MYH 2020/5668,2020,60,1.15
"Lantbruk, Djurvård, Trädgård, Skog Och Fiske",Praktisk Skogs- Och Naturvårdare,Skåne,Staffanstorp,0,400,Hvilan Utbildning Ab,MYH 2020/4914,2020,80,1.54
"Lantbruk, Djurvård, Trädgård, Skog Och Fiske",Ridlärare,Östergötland,Linköping,0,400,Östergötlands Läns Landsting  - Vreta Utbildingscentrum,MYH 2020/4375,2020,80,1.54
"Lantbruk, Djurvård, Trädgård, Skog Och Fiske",Skogsbrukstekniker,Jämtland,Krokom,0,300,Dille Gård Ab,MYH 2020/5303,2020,60,1.15
"Lantbruk, Djurvård, Trädgård, Skog Och Fiske",Skogsplanerare,Östergötland,Linköping,0,200,Östergötlands Läns Landsting  - Vreta Utbildingscentrum,MYH 2020/5478,2020,40,0.77
"Lantbruk, Djurvård, Trädgård, Skog Och Fiske",Trädgårdsmästare - Skötsel Och Underhåll Av Utemiljö,Stockholm,Nynäshamn,0,400,Campus Nynäshamn,MYH 2020/5421,2020,80,1.54
"Lantbruk, Djurvård, Trädgård, Skog Och Fiske",Verksamhetsledare Inom Hästrelaterade Näringar,Västra Götaland,Skara,0,200,"Västra Götalands Läns Landsting, Biologiska Yrkeshögskolan I Skara - Bys",MYH 2020/5394,2020,40,0.77
Pedagogik Och Undervisning,Lärarassistent Med Specialisering Inom Integration,Norrbotten,Piteå,0,300,Lernia Utbildning Ab,MYH 2020/5104,2020,60,1.15
Pedagogik Och Undervisning,Lärarassistent Med Specialisering Inom Integration,Skåne,Malmö,0,300,Lernia Utbildning Ab,MYH 2020/5101,2020,60,1.15
Pedagogik Och Undervisning,Lärarassistent Med Specialisering Inom Integration,Stockholm,Stockholm,0,300,Lernia Utbildning Ab,MYH 2020/5106,2020,60,1.15
Pedagogik Och Undervisning,Specialistbarnskötare,Södermanland,Nyköping,0,200,Campus Nyköping,MYH 2020/4465,2020,40,0.77
Pedagogik Och Undervisning,Specialistbarnskötare Språkutveckling,Västra Götaland,Göteborg,0,200,"Göteborgs Stad, Yrgo",MYH 2020/5683,2020,40,0.77
Pedagogik Och Undervisning,Specialistutbildad Barnskötare Med Inriktning Språkutveckling,Skåne,Malmö,0,200,Malmö Stad Yrkeshögskolan Malmö,MYH 2020/5275,2020,40,0.77
Pedagogik Och Undervisning,Trafiklärare,Jönköping,Jönköping,0,300,Jönköpings Kommun,MYH 2020/4965,2020,60,1.15
Pedagogik Och Undervisning,Trafiklärare,Stockholm,Botkyrka,0,300,"Botkyrka Kommun, Xenter Botkyrka",MYH 2020/4997,2020,60,1.15
Pedagogik Och Undervisning,Trafiklärare,Flera Kommuner,Flera Kommuner,1,300,Yrkesakademin Yh Ab,MYH 2020/3660,2020,60,1.15
Pedagogik Och Undervisning,Trafiklärare,Östergötland,Norrköping,0,300,Yrkesakademin Yh Ab,MYH 2020/3659,2020,60,1.15
Pedagogik Och Undervisning,Trafiklärarutbildning,Halland,Kungsbacka,0,300,Utbildarna I Helsingborg Ab,MYH 2020/4879,2020,60,1.15
Samhällsbyggnad Och Byggteknik,"3D-Artist – Arkitektur, Inredningar Och Produkter",Jönköping,Eksjö,0,400,Tekniska Högskolan I Jönköping Ab,MYH 2020/5479,2020,80,1.54
Samhällsbyggnad Och Byggteknik,Abonnentingenjör,Flera Kommuner,Flera Kommuner,1,410,Stiftelsen Yrkeshögskolan Sverige,MYH 2020/5332,2020,82,1.58
Samhällsbyggnad Och Byggteknik,Anläggningsingenjör - Infrastruktur,Skåne,Malmö,0,400,Hermods Ab Malmö,MYH 2020/3788,2020,80,1.54
Samhällsbyggnad Och Byggteknik,Anläggningsingenjör - Infrastruktur,Örebro,Örebro,0,400,Hermods Ab Örebro,MYH 2020/4002,2020,80,1.54
Samhällsbyggnad Och Byggteknik,Anläggningsingenjör Järnväg,Örebro,Örebro,0,400,Plushögskolan Ab - Teknikhögskolan,MYH 2020/5559,2020,80,1.54
Samhällsbyggnad Och Byggteknik,Automationsingenjör,Stockholm,Stockholm,0,410,Stiftelsen Stockholms Tekniska Institut,MYH 2020/5415,2020,82,1.58
Samhällsbyggnad Och Byggteknik,Bim-Samordnare,Västerbotten,Skellefteå,0,400,Yrkesakademin Yh Ab,MYH 2020/3664,2020,80,1.54
Samhällsbyggnad Och Byggteknik,Bygg- Och Anläggningsingenjör Produktion,Västra Götaland,Göteborg,0,415,"Göteborgs Stad, Yrgo",MYH 2020/5535,2020,83,1.6
Samhällsbyggnad Och Byggteknik,Byggledare - Bygg Och Anläggning,Östergötland,Norrköping,0,410,Östsvenska Yrkeshögskolan Ab,MYH 2020/5004,2020,82,1.58
Samhällsbyggnad Och Byggteknik,Bygglovhandläggare,Västra Götaland,Partille,0,200,"Partille Kommun, Vuxenutbildning",MYH 2020/4841,2020,40,0.77
Samhällsbyggnad Och Byggteknik,Bygglovshandläggare,Flera Kommuner,Flera Kommuner,1,400,Yrkesakademin Yh Ab,MYH 2020/5310,2020,80,1.54
Samhällsbyggnad Och Byggteknik,Bygglovshandläggare/Byggnadsinspektör,Stockholm,Värmdö,0,300,"Värmdö Kommun, Komvux Värmdö",MYH 2020/5455,2020,60,1.15
Samhällsbyggnad Och Byggteknik,Byggnadsingenjör - Produktion,Västerbotten,Umeå,0,400,Hermods Ab Umeå,MYH 2020/3719,2020,80,1.54
Samhällsbyggnad Och Byggteknik,Byggnadsingenjör - Produktionledning,Skåne,Hässleholm,0,400,"Hässleholms Kommun, Yrkeshögskolan Syd",MYH 2020/5026,2020,80,1.54
Samhällsbyggnad Och Byggteknik,Byggnadsingenjör - Rot,Stockholm,Solna,0,420,Hermods Ab Stockholm,MYH 2020/4707,2020,84,1.62
Samhällsbyggnad Och Byggteknik,Byggnadsingenjör Rot,Stockholm,Solna,0,400,Nackademin Ab,MYH 2020/5241,2020,80,1.54
Samhällsbyggnad Och Byggteknik,Byggnadsvård - Interiör Och Hantverk,Västernorrland,Kramfors,0,400,"Kramfors Kommun, Yrkeshögskolan Höga Kusten",MYH 2020/5374,2020,80,1.54
Samhällsbyggnad Och Byggteknik,"Byggproduktionsledare - Renovering, Ombyggnad, Tillbyggnad",Skåne,Malmö,0,440,Kyh Ab Malmö,MYH 2020/4602,2020,88,1.69
Samhällsbyggnad Och Byggteknik,"Byggproduktionsledare - Renovering, Ombyggnad, Tillbyggnad",Västra Götaland,Göteborg,0,440,Kyh Ab Göteborg,MYH 2020/4562,2020,88,1.69
Samhällsbyggnad Och Byggteknik,Byggproduktionsledare Rot,Flera Kommuner,Flera Kommuner,1,430,Kyh Ab,MYH 2020/4442,2020,86,1.65
Samhällsbyggnad Och Byggteknik,Byggprojektör Bim,Västra Götaland,Göteborg,0,400,"Göteborgs Stad, Yrgo",MYH 2020/5392,2020,80,1.54
Samhällsbyggnad Och Byggteknik,Drift- Och Fastighetstekniker,Jönköping,Jönköping,0,300,Folkuniversitetet - Kursverksamheten Vid Stockholms Universitet,MYH 2020/5364,2020,60,1.15
Samhällsbyggnad Och Byggteknik,Drift- Och Fastighetstekniker,Stockholm,Stockholm,0,400,John Ericsson Institutet,MYH 2020/5621,2020,80,1.54
Samhällsbyggnad Och Byggteknik,Drifttekniker,Västra Götaland,Göteborg,0,400,Jensen Education School Ab,MYH 2020/5736,2020,80,1.54
Samhällsbyggnad Och Byggteknik,Energi- Och Fastighetstekniker,Värmland,Karlstad,0,400,Folkuniversitetet Kursverksamheten Vid Göteborgs Universitet,MYH 2020/5500,2020,80,1.54
Samhällsbyggnad Och Byggteknik,Energispecialist Hållbara Byggnader,Flera Kommuner,Flera Kommuner,1,400,Kyh Ab,MYH 2020/4686,2020,80,1.54
Samhällsbyggnad Och Byggteknik,Energitekniker - Byggnader,Värmland,Arvika,0,420,Arvika Kommun,MYH 2020/5496,2020,84,1.62
Samhällsbyggnad Och Byggteknik,Entreprenadingenjör,Stockholm,Stockholm,0,430,Kyh Ab Stockholm,MYH 2020/4575,2020,86,1.65
Samhällsbyggnad Och Byggteknik,Fastighetsförvaltare,Jönköping,Jönköping,0,500,Folkuniversitetet - Kursverksamheten Vid Stockholms Universitet,MYH 2020/5366,2020,100,1.92
Samhällsbyggnad Och Byggteknik,Fastighetsförvaltare,Skåne,Malmö,0,500,Newton Kompetensutveckling Ab,MYH 2020/5123,2020,100,1.92
Samhällsbyggnad Och Byggteknik,Fastighetsförvaltare,Stockholm,Stockholm,0,500,Newton Kompetensutveckling Ab,MYH 2020/5064,2020,100,1.92
Samhällsbyggnad Och Byggteknik,Fastighetsförvaltare,Västra Götaland,Göteborg,0,500,John Ericsson Institutet,MYH 2020/5735,2020,100,1.92
Samhällsbyggnad Och Byggteknik,Fastighetsingenjör,Jönköping,Värnamo,0,400,Tekniska Högskolan I Jönköping Ab,MYH 2020/5115,2020,80,1.54
Samhällsbyggnad Och Byggteknik,Fastighetsingenjör,Västra Götaland,Göteborg,0,250,Yrkesakademin Yh Ab,MYH 2020/3898,2020,50,0.96
Samhällsbyggnad Och Byggteknik,Fastighetsingenjör - Tekniska System Och Drift,Skåne,Malmö,0,415,Kyh Ab Malmö,MYH 2020/4582,2020,83,1.6
Samhällsbyggnad Och Byggteknik,Gis Samordnare,Uppsala,Uppsala,0,420,Ocellus Information Systems Ab,MYH 2020/5417,2020,84,1.62
Samhällsbyggnad Och Byggteknik,Infrastrukturprojektör Bim,Stockholm,Stockholm,0,420,Stiftelsen Stockholms Tekniska Institut,MYH 2020/5040,2020,84,1.62
Samhällsbyggnad Och Byggteknik,"Ingenjör Vvs Och Energi Med 3D Cad, Bim Och Solenergikompetens",Västernorrland,Härnösand,0,450,"Härnösands Kommun, Yrkeshögskolan",MYH 2020/4866,2020,90,1.73
Samhällsbyggnad Och Byggteknik,Järnvägsprojektör,Flera Kommuner,Flera Kommuner,1,450,Stiftelsen Yrkeshögskolan Sverige,MYH 2020/5632,2020,90,1.73
Samhällsbyggnad Och Byggteknik,Kalkylator Inom Vvs,Södermanland,Nyköping,0,100,Insu Ab,MYH 2020/5274,2020,20,0.38
Samhällsbyggnad Och Byggteknik,Mätningsingenjör Järnväg,Västra Götaland,Munkedal,0,400,Plushögskolan Ab - Teknikhögskolan,MYH 2020/4870,2020,80,1.54
Samhällsbyggnad Och Byggteknik,Mätningstekniker,Jönköping,Jönköping,0,410,Tuc Sweden Ab - Yrkeshögskola,MYH 2020/5527,2020,82,1.58
Samhällsbyggnad Och Byggteknik,Produktionsledning Industriell Träbyggnation,Jönköping,Nässjö,0,200,Tekniska Högskolan I Jönköping Ab,MYH 2020/5122,2020,40,0.77
Samhällsbyggnad Och Byggteknik,Projekteringsingenjör Bim Anläggning,Flera Kommuner,Flera Kommuner,1,400,Medborgarskolan I Stockholm - Påhlmans Handelsinstitut,MYH 2020/5868,2020,80,1.54
Samhällsbyggnad Och Byggteknik,Projekteringsingenjör Bim Anläggning,Uppsala,Uppsala,0,400,Medborgarskolan I Stockholm - Påhlmans Handelsinstitut,MYH 2020/5731,2020,80,1.54
Samhällsbyggnad Och Byggteknik,Projektledare Inom Måleri,Skåne,Malmö,0,220,Hermods Ab Malmö,MYH 2020/4244,2020,44,0.85
Samhällsbyggnad Och Byggteknik,Projektledare Vvs,Södermanland,Nyköping,0,200,Insu Ab,MYH 2020/5263,2020,40,0.77
Samhällsbyggnad Och Byggteknik,Rörnätstekniker,Flera Kommuner,Flera Kommuner,1,300,Stiftelsen Yrkeshögskolan Sverige,MYH 2020/5523,2020,60,1.15
Samhällsbyggnad Och Byggteknik,Rörnätstekniker,Västra Götaland,Borås,0,300,Stiftelsen Yrkeshögskolan Sverige,MYH 2020/5525,2020,60,1.15
Samhällsbyggnad Och Byggteknik,Samhällsbyggnad Infrastruktur,Stockholm,Solna,0,400,Nackademin Ab,MYH 2020/5222,2020,80,1.54
Samhällsbyggnad Och Byggteknik,Solenergiprojektör,Flera Kommuner,Flera Kommuner,1,425,Kyh Ab,MYH 2020/4492,2020,85,1.63
Samhällsbyggnad Och Byggteknik,Stadsbyggnadskoordinator,Stockholm,Värmdö,0,300,"Värmdö Kommun, Komvux Värmdö",MYH 2020/5456,2020,60,1.15
Samhällsbyggnad Och Byggteknik,"Technical Artist – Arkitektur, Inredningar Och Produkter",Jönköping,Eksjö,0,400,Tekniska Högskolan I Jönköping Ab,MYH 2020/5480,2020,80,1.54
Samhällsbyggnad Och Byggteknik,Teknisk Förvaltare,Skåne,Malmö,0,400,Newton Kompetensutveckling Ab,MYH 2020/5157,2020,80,1.54
Samhällsbyggnad Och Byggteknik,Träbyggnadsprojektör Hållbart Byggande,Kronoberg,Växjö,0,400,Yrkesakademin Yh Ab,MYH 2020/3900,2020,80,1.54
Samhällsbyggnad Och Byggteknik,Trähusprojektör,Jönköping,Vetlanda,0,300,Vetlanda Kommun Vetlanda Lärcentrum,MYH 2020/5337,2020,60,1.15
Samhällsbyggnad Och Byggteknik,Underhållstekniker Infrastruktur,Dalarna,Borlänge,0,300,Yrkesakademin Yh Ab,MYH 2020/3951,2020,60,1.15
Samhällsbyggnad Och Byggteknik,Underhållstekniker Infrastruktur,Norrbotten,Luleå,0,300,Yrkesakademin Yh Ab,MYH 2020/3952,2020,60,1.15
Samhällsbyggnad Och Byggteknik,Va-Ingenjör,Stockholm,Stockholm,0,400,Hermods Ab Stockholm,MYH 2020/4534,2020,80,1.54
Samhällsbyggnad Och Byggteknik,Va-Projektör,Flera Kommuner,Flera Kommuner,1,400,Folkuniversitetet – Kursverksamheten Vid Umeå Universitet,MYH 2020/1698,2020,80,1.54
Samhällsbyggnad Och Byggteknik,Vatten- Och Miljötekniker,Stockholm,Järfälla,0,400,Stiftelsen Yrkeshögskolan Sverige,MYH 2020/5585,2020,80,1.54
Samhällsbyggnad Och Byggteknik,Vatten- Och Miljötekniker,Västernorrland,Sundsvall,0,400,Stiftelsen Yrkeshögskolan Sverige,MYH 2020/5589,2020,80,1.54
Samhällsbyggnad Och Byggteknik,Vvs-Ingenjör,Jönköping,Jönköping,0,400,Tuc Sweden Ab - Yrkeshögskola,MYH 2020/4938,2020,80,1.54
Samhällsbyggnad Och Byggteknik,Vvs-Ingenjör,Skåne,Helsingborg,0,400,Hermods Ab Helsingborg,MYH 2020/3998,2020,80,1.54
Samhällsbyggnad Och Byggteknik,Vvs-Ingenjör,Stockholm,Stockholm,0,400,Hermods Ab Stockholm,MYH 2020/4568,2020,80,1.54
Samhällsbyggnad Och Byggteknik,Vvs-Ingenjör,Västerbotten,Umeå,0,400,Folkuniversitetet – Kursverksamheten Vid Umeå Universitet,MYH 2020/5309,2020,80,1.54
Samhällsbyggnad Och Byggteknik,Vvs-Ingenjör,Västra Götaland,Göteborg,0,400,Hermods Ab Göteborg,MYH 2020/4008,2020,80,1.54
Samhällsbyggnad Och Byggteknik,Vvs-Ingenjör,Östergötland,Linköping,0,400,Plushögskolan Ab - Teknikhögskolan,MYH 2020/4406,2020,80,1.54
Samhällsbyggnad Och Byggteknik,Vvs-Projektör,Stockholm,Stockholm,0,410,Stiftelsen Stockholms Tekniska Institut,MYH 2020/5422,2020,82,1.58
Säkerhetstjänster,Arbetsmiljöingenjör,Västernorrland,Sundsvall,0,400,"Sundsvalls Kommun, Vuxenutbildningen",MYH 2020/3940,2020,80,1.54
Säkerhetstjänster,Arbetsmiljöingenjör Inom Byggsektorn,Gävleborg,Gävle,0,300,Folkuniversitetet - Stiftelsen Kursverksamheten Vid Uppsala Universitetet,MYH 2020/5506,2020,60,1.15
Säkerhetstjänster,Säkerhets- Och Trygghetskoordinator,Stockholm,Stockholm,0,300,Företagsuniversitetet Ab,MYH 2020/5438,2020,60,1.15
Säkerhetstjänster,Säkerhetssamordnare,Västernorrland,Sundsvall,0,300,"Sundsvalls Kommun, Vuxenutbildningen",MYH 2020/3808,2020,60,1.15
Teknik Och Tillverkning,3D-Printingspecialist,Skåne,Eslöv,0,210,"Eslövs Kommun, Yrkeshögskolan I Eslöv",MYH 2020/5358,2020,42,0.81
Teknik Och Tillverkning,3D-Tekniker,Stockholm,Botkyrka,0,400,"Botkyrka Kommun, Xenter Botkyrka",MYH 2020/4990,2020,80,1.54
Teknik Och Tillverkning,Anläggningskonstruktör Inriktning Rör/Mek,Värmland,Karlstad,0,400,"Karlstads Kommun, Yrkeshögskolan",MYH 2020/5334,2020,80,1.54
Teknik Och Tillverkning,Auktoriserad Elinstallatör,Södermanland,Nyköping,0,104,Insu Ab,MYH 2020/5252,2020,21,0.4
Teknik Och Tillverkning,Automations- Och Robotingenjör,Blekinge,Olofström,0,400,"Olofströms Kommun, Yrkeshögskolan Syd",MYH 2020/5016,2020,80,1.54
Teknik Och Tillverkning,Automations- Och Robotingenjör,Jönköping,Jönköping,0,400,Tekniska Högskolan I Jönköping Ab,MYH 2020/5256,2020,80,1.54
Teknik Och Tillverkning,Automations- Och Robotingenjör Med Industri 4.0,Skåne,Lund,0,425,Hermods Ab Lund,MYH 2020/3931,2020,85,1.63
Teknik Och Tillverkning,Automations- Och Robotingenjör Med Industri 4.0,Västra Götaland,Göteborg,0,425,Hermods Ab Göteborg,MYH 2020/4057,2020,85,1.63
Teknik Och Tillverkning,Automations- Och Robotingenjör Med Industri 4.0,Örebro,Örebro,0,425,Hermods Ab Örebro,MYH 2020/4174,2020,85,1.63
Teknik Och Tillverkning,Automationsingenjör,Skåne,Hässleholm,0,400,"Hässleholms Kommun, Yrkeshögskolan Syd",MYH 2020/5024,2020,80,1.54
Teknik Och Tillverkning,Automationsingenjör,Östergötland,Linköping,0,415,Plushögskolan Ab - Teknikhögskolan,MYH 2020/4318,2020,83,1.6
Teknik Och Tillverkning,Automationsingenjör Mekatronik,Flera Kommuner,Flera Kommuner,1,415,"Göteborgs Stad, Yrgo",MYH 2020/5476,2020,83,1.6
Teknik Och Tillverkning,Automationsingenjör Processindustri,Flera Kommuner,Flera Kommuner,1,400,Iris Hadar Ab,MYH 2020/5215,2020,80,1.54
Teknik Och Tillverkning,Automationsingenjör Processindustri,Stockholm,Stockholm,0,400,Iris Hadar Ab,MYH 2020/5219,2020,80,1.54
Teknik Och Tillverkning,Automationsingenjör Robotik,Västra Götaland,Göteborg,0,420,Plushögskolan Ab - Teknikhögskolan,MYH 2020/4407,2020,84,1.62
Teknik Och Tillverkning,Bergmaterialingenjör,Norrbotten,Jokkmokk,0,400,"Lapplands Kommunalförbund, Lapplands Lärcentra",MYH 2020/4451,2020,80,1.54
Teknik Och Tillverkning,Cad-Ingenjör Processindustri,Flera Kommuner,Flera Kommuner,1,400,Plushögskolan Ab - Teknikhögskolan,MYH 2020/4789,2020,80,1.54
Teknik Och Tillverkning,Cad-Konstruktör,Stockholm,Stockholm,0,400,Ec Utbildning Ab Stockholm,MYH 2020/5218,2020,80,1.54
Teknik Och Tillverkning,Cad-Konstruktör Inom Mekanik,Stockholm,Stockholm,0,425,Plushögskolan Ab - Teknikhögskolan,MYH 2020/4319,2020,85,1.63
Teknik Och Tillverkning,Certifierad Cnc-Tekniker,Blekinge,Ronneby,0,270,Lernia Utbildning Ab,MYH 2020/5224,2020,54,1.04
Teknik Och Tillverkning,Certifierad Kyl- Och Värmepumptekniker Inriktning Energieffektivisering,Västernorrland,Härnösand,0,300,"Härnösands Kommun, Yrkeshögskolan",MYH 2020/4868,2020,60,1.15
Teknik Och Tillverkning,Certifierad Produktionstekniker,Kalmar,Västervik,0,230,Lernia Utbildning Ab,MYH 2020/5084,2020,46,0.88
Teknik Och Tillverkning,Certifierad Produktionstekniker,Västra Götaland,Trollhättan,0,230,Lernia Utbildning Ab,MYH 2020/5086,2020,46,0.88
Teknik Och Tillverkning,Certifierad Svetsare Med Kvalificerad Kompetens,Skåne,Osby,0,200,Osby Kommun - Osby Lärcenter/Vuxenutbildningen Och Ekbackeskolan,MYH 2020/5168,2020,40,0.77
Teknik Och Tillverkning,Cnc-Tekniker – Blått Certifikat Automation,Jönköping,Jönköping,0,225,Tekniska Högskolan I Jönköping Ab,MYH 2020/5204,2020,45,0.87
Teknik Och Tillverkning,Data Center Technician (Dco),Flera Kommuner,Flera Kommuner,1,400,Plushögskolan Ab - Teknikhögskolan,MYH 2020/4780,2020,80,1.54
Teknik Och Tillverkning,Diagnostekniker Inom Motorbranschen,Värmland,Karlstad,0,400,"Karlstads Kommun, Yrkeshögskolan",MYH 2020/5323,2020,80,1.54
Teknik Och Tillverkning,Distributionselektriker,Skåne,Lund,0,220,Plushögskolan Ab - Teknikhögskolan,MYH 2020/4464,2020,44,0.85
Teknik Och Tillverkning,Distributionselektriker,Västra Götaland,Göteborg,0,220,Göteborgs Tekniska College Ab,MYH 2020/5810,2020,44,0.85
Teknik Och Tillverkning,Driftingenjör Elkraft,Västernorrland,Härnösand,0,400,"Härnösands Kommun, Yrkeshögskolan",MYH 2020/4863,2020,80,1.54
Teknik Och Tillverkning,Drifttekniker Kraft- Värmeproduktion,Flera Kommuner,Flera Kommuner,1,400,Folkuniversitetet Kursverksamheten Vid Göteborgs Universitet,MYH 2020/5501,2020,80,1.54
Teknik Och Tillverkning,El- Och Automationsingenjör,Norrbotten,Luleå,0,400,"Luleå Kommun, Vuxenutbildningen",MYH 2020/4664,2020,80,1.54
Teknik Och Tillverkning,Elektroniktekniker,Jönköping,Jönköping,0,400,Tekniska Högskolan I Jönköping Ab,MYH 2020/5209,2020,80,1.54
Teknik Och Tillverkning,Elingenjör Konstruktion,Stockholm,Solna,0,400,Nackademin Ab,MYH 2020/5286,2020,80,1.54
Teknik Och Tillverkning,Elkonstruktör,Halland,Varberg,0,400,Campus Varberg/Varbergs Kommun,MYH 2020/5320,2020,80,1.54
Teknik Och Tillverkning,Elkonstruktör,Stockholm,Botkyrka,0,315,"Botkyrka Kommun, Xenter Botkyrka",MYH 2020/4994,2020,63,1.21
Teknik Och Tillverkning,Elkonstruktör,Södermanland,Nyköping,0,315,Campus Nyköping,MYH 2020/4752,2020,63,1.21
Teknik Och Tillverkning,Elkraftingenjör,Södermanland,Nyköping,0,280,Campus Nyköping,MYH 2020/4747,2020,56,1.08
Teknik Och Tillverkning,"Elkraftingenjör- Produktion, Distribution Och Miljö",Västmanland,Arboga,0,420,"Arboga Kommun, Vuxenutbildningen",MYH 2020/4978,2020,84,1.62
Teknik Och Tillverkning,Elkraftsingenjör,Stockholm,Solna,0,400,Nackademin Ab,MYH 2020/5294,2020,80,1.54
Teknik Och Tillverkning,Elkraftsingenjör,Västmanland,Västerås,0,415,Västerås Stad/Barn- Och Utbildningsförvaltningen/Västerås Yrkeshögskola,MYH 2020/5537,2020,83,1.6
Teknik Och Tillverkning,Elkraftsingenjör,Gävleborg,Gävle,0,400,Plushögskolan Ab - Teknikhögskolan,MYH 2020/4796,2020,80,1.54
Teknik Och Tillverkning,Elkraftsingenjör,Västmanland,Västerås,0,400,Plushögskolan Ab - Teknikhögskolan,MYH 2020/4537,2020,80,1.54
Teknik Och Tillverkning,Elkraftsingenjör,Västra Götaland,Göteborg,0,400,Plushögskolan Ab - Teknikhögskolan,MYH 2020/4809,2020,80,1.54
Teknik Och Tillverkning,Elnätsdesigner,Stockholm,Stockholm,0,400,Stiftelsen Stockholms Tekniska Institut,MYH 2020/5452,2020,80,1.54
Teknik Och Tillverkning,Elnätsprojektör,Skåne,Lund,0,245,Plushögskolan Ab - Teknikhögskolan,MYH 2020/4531,2020,49,0.94
Teknik Och Tillverkning,Elnätsspecialist Inom Reläskydd,Västernorrland,Sundsvall,0,215,Yrkesakademin Yh Ab,MYH 2020/3939,2020,43,0.83
Teknik Och Tillverkning,Elnätsspecialist Inom Ställverk Och Transformatorteknik,Skåne,Malmö,0,225,Yrkesakademin Yh Ab,MYH 2020/3858,2020,45,0.87
Teknik Och Tillverkning,Elprojektör,Jönköping,Jönköping,0,300,Tekniska Högskolan I Jönköping Ab,MYH 2020/5431,2020,60,1.15
Teknik Och Tillverkning,Energiingenjör,Flera Kommuner,Flera Kommuner,1,400,Företagsekonomiska Institutet 1888 Ab,MYH 2020/5730,2020,80,1.54
Teknik Och Tillverkning,Energiingenjör,Stockholm,Solna,0,420,Nackademin Ab,MYH 2020/5296,2020,84,1.62
Teknik Och Tillverkning,"Energiingenjör Miljö, Klimat Och Förnybart",Skåne,Hässleholm,0,400,"Hässleholms Kommun, Yrkeshögskolan Syd",MYH 2020/5287,2020,80,1.54
Teknik Och Tillverkning,Energitekniker Specialisering Vindkraft,Halland,Varberg,0,400,Campus Varberg/Varbergs Kommun,MYH 2020/5299,2020,80,1.54
Teknik Och Tillverkning,Fibertekniker,Gävleborg,Hudiksvall,0,220,Edugrade Ab,MYH 2020/5836,2020,44,0.85
Teknik Och Tillverkning,Finsnickare Eller  Möbelrestauratör,Västra Götaland,Bengtsfors,0,400,Stiftelsen Stenebyskolan,MYH 2020/4497,2020,80,1.54
Teknik Och Tillverkning,Fordonstekniker El/It - Göteborg,Västra Götaland,Göteborg,0,400,Movant Ab,MYH 2020/4955,2020,80,1.54
Teknik Och Tillverkning,Förpackningstekniker,Skåne,Helsingborg,0,400,Prepress & Print Developing Ppd,MYH 2020/4185,2020,80,1.54
Teknik Och Tillverkning,Geometrisäkring,Västra Götaland,Göteborg,0,200,"Göteborgs Stad, Yrgo",MYH 2020/5429,2020,40,0.77
Teknik Och Tillverkning,Hydraultekniker,Västernorrland,Örnsköldsvik,0,150,"Ith, Institutet För Tillämpad Hydraulik",MYH 2020/4719,2020,30,0.58
Teknik Och Tillverkning,Hållbar Livsmedelsintraprenör,Skåne,Lund,0,250,Folkuniversitetet - Kursverksamheten Vid Lunds Universitet,MYH 2020/5643,2020,50,0.96
Teknik Och Tillverkning,Hållbar Produktion - Plast Och Polymeringenjör,Jönköping,Jönköping,0,400,Tekniska Högskolan I Jönköping Ab,MYH 2020/5199,2020,80,1.54
Teknik Och Tillverkning,Inspektions- Och Provningsingenjör,Västmanland,Västerås,0,430,Ndt Training Center Ab,MYH 2020/4801,2020,86,1.65
Teknik Och Tillverkning,Järnvägstekniker / Kvalificerad Kontaktledningstekniker,Skåne,Ängelholm,0,200,Trafikverket Trafikverksskolan,MYH 2020/4751,2020,40,0.77
Teknik Och Tillverkning,Järnvägstekniker / Kvalificerad Signaltekniker,Skåne,Ängelholm,0,200,Trafikverket Trafikverksskolan,MYH 2020/4748,2020,40,0.77
Teknik Och Tillverkning,Kvalificerad Servicetekniker Inom Lantbruk,Västra Götaland,Skara,0,250,"Västra Götalands Läns Landsting, Biologiska Yrkeshögskolan I Skara - Bys",MYH 2020/5269,2020,50,0.96
Teknik Och Tillverkning,Kyl- Och Värmepumpstekniker,Stockholm,Södertälje,0,350,"Södertälje Kommun, Campus Telge",MYH 2020/5639,2020,70,1.35
Teknik Och Tillverkning,Kyl- Och Värmepumpstekniker,Värmland,Arvika,0,400,Arvika Kommun,MYH 2020/5498,2020,80,1.54
Teknik Och Tillverkning,Kyl- Och Värmepumpstekniker,Örebro,Örebro,0,400,Hermods Ab Örebro,MYH 2020/4053,2020,80,1.54
Teknik Och Tillverkning,Kyl- Och Värmepumptekniker,Jönköping,Tranås,0,400,Tuc Sweden Ab - Yrkeshögskola,MYH 2020/4808,2020,80,1.54
Teknik Och Tillverkning,Logistiker,Östergötland,Linköping,0,400,Tuc Sweden Ab - Yrkeshögskola,MYH 2020/5195,2020,80,1.54
Teknik Och Tillverkning,Läke- Och Livsmedelstekniker,Skåne,Lund,0,400,Folkuniversitetet - Kursverksamheten Vid Lunds Universitet,MYH 2020/5203,2020,80,1.54
Teknik Och Tillverkning,Läke- Och Livsmedelstekniker,Uppsala,Uppsala,0,400,Folkuniversitetet - Stiftelsen Kursverksamheten Vid Uppsala Universitetet,MYH 2020/5505,2020,80,1.54
Teknik Och Tillverkning,Läkemedelstekniker,Stockholm,Stockholm,0,300,"Stockholms Stad, Frans Schartaus Handelsinstitut",MYH 2020/5760,2020,60,1.15
Teknik Och Tillverkning,Marintekniker,Stockholm,Nynäshamn,0,400,Campus Nynäshamn,MYH 2020/5554,2020,80,1.54
Teknik Och Tillverkning,Marintekniker,Stockholm,Värmdö,0,400,Alea Kompetenshöjning Ab,MYH 2020/5552,2020,80,1.54
Teknik Och Tillverkning,"Mathantverk; Bagare, Bär-, Frukt- Och Grönsaksförädlare, Charkuterist, Mejerist",Jämtland,Krokom,0,200,Torsta Ab,MYH 2020/4867,2020,40,0.77
Teknik Och Tillverkning,Mejeritekniker,Västra Götaland,Götene,0,300,Lernia Utbildning Ab,MYH 2020/5134,2020,60,1.15
Teknik Och Tillverkning,Möbelsnickare - Historiskt Hantverk,Västernorrland,Kramfors,0,400,"Kramfors Kommun, Yrkeshögskolan Höga Kusten",MYH 2020/5377,2020,80,1.54
Teknik Och Tillverkning,Mönsterkonstruktör,Västra Götaland,Göteborg,0,200,Stiftelsen Tillskärarakademin I Göteborg,MYH 2020/5007,2020,40,0.77
Teknik Och Tillverkning,Network Engineer - Nätverksspecialist,Flera Kommuner,Flera Kommuner,1,415,Edugrade Ab,MYH 2020/5840,2020,83,1.6
Teknik Och Tillverkning,Operativ Produktionstekniker,Flera Kommuner,Flera Kommuner,1,300,Lidköpings Kommun Campus Lidköping,MYH 2020/4773,2020,60,1.15
Teknik Och Tillverkning,Process- Och Automationsingenjör,Flera Kommuner,Flera Kommuner,1,400,Tekniska Högskolan I Jönköping Ab,MYH 2020/5258,2020,80,1.54
Teknik Och Tillverkning,Processoperatör Livsmedel,Halland,Halmstad,0,200,Plushögskolan Ab - Teknikhögskolan,MYH 2020/4405,2020,40,0.77
Teknik Och Tillverkning,Processoperatör Livsmedel,Stockholm,Stockholm,0,200,Plushögskolan Ab - Teknikhögskolan,MYH 2020/4401,2020,40,0.77
Teknik Och Tillverkning,Processtekniker - Smart Industri,Blekinge,Olofström,0,400,"Olofströms Kommun, Yrkeshögskolan Syd",MYH 2020/4743,2020,80,1.54
Teknik Och Tillverkning,"Production Planner, Change & Sustainability",Kronoberg,Ljungby,0,400,Centrum För Informationslogistik I Ljungby Ab,MYH 2020/5519,2020,80,1.54
Teknik Och Tillverkning,Produktionslogistik,Västra Götaland,Göteborg,0,210,Göteborgs Tekniska College Ab,MYH 2020/5590,2020,42,0.81
Teknik Och Tillverkning,Produktionstekniker,Flera Kommuner,Flera Kommuner,1,390,Köpings Kommun,MYH 2020/4683,2020,78,1.5
Teknik Och Tillverkning,"Produktionstekniker, Inriktning Ständiga Förbättringar/Lean Production",Skåne,Eslöv,0,210,"Eslövs Kommun, Yrkeshögskolan I Eslöv",MYH 2020/5361,2020,42,0.81
Teknik Och Tillverkning,Produktionsutveckling,Flera Kommuner,Flera Kommuner,1,300,Tekniska Högskolan I Jönköping Ab,MYH 2020/5117,2020,60,1.15
Teknik Och Tillverkning,Produktionsutveckling,Västra Götaland,Göteborg,0,400,Göteborgs Tekniska College Ab,MYH 2020/5524,2020,80,1.54
Teknik Och Tillverkning,Produktionsutveckling Industri 4.0,Flera Kommuner,Flera Kommuner,1,325,Yrkesakademin Yh Ab,MYH 2020/4714,2020,65,1.25
Teknik Och Tillverkning,Projektledare Elinstallation,Stockholm,Stockholm,0,235,Stiftelsen Stockholms Tekniska Institut,MYH 2020/5546,2020,47,0.9
Teknik Och Tillverkning,Projektledare Elkraft Distans,Örebro,Askersund,0,215,Åsbro Kursgård Ab,MYH 2020/5008,2020,43,0.83
Teknik Och Tillverkning,Projektledare Elteknik,Södermanland,Nyköping,0,280,Campus Nyköping,MYH 2020/4787,2020,56,1.08
Teknik Och Tillverkning,"Provtekniker, Maskinutveckling",Västernorrland,Örnsköldsvik,0,200,"Ith, Institutet För Tillämpad Hydraulik",MYH 2020/4816,2020,40,0.77
Teknik Och Tillverkning,Reläskyddsspecialist,Västra Götaland,Göteborg,0,215,Lernia Utbildning Ab,MYH 2020/5136,2020,43,0.83
Teknik Och Tillverkning,Rörtekniker Med Svetscertifikat,Östergötland,Norrköping,0,400,Östsvenska Yrkeshögskolan Ab,MYH 2020/5077,2020,80,1.54
Teknik Och Tillverkning,Servicetekniker Elkraft,Örebro,Askersund,0,335,Åsbro Kursgård Ab,MYH 2020/5018,2020,67,1.29
Teknik Och Tillverkning,Solenergitekniker,Skåne,Malmö,0,220,Nercia Utbildning,MYH 2020/5319,2020,44,0.85
Teknik Och Tillverkning,Specialiserad Möbelsnickare Med Inriktning Mot Gesäll,Västernorrland,Kramfors,0,200,"Kramfors Kommun, Yrkeshögskolan Höga Kusten",MYH 2020/5380,2020,40,0.77
Teknik Och Tillverkning,Svetsansvarig Iws Och Svetsinspektör Iwi-S,Jönköping,Jönköping,0,225,Tekniska Högskolan I Jönköping Ab,MYH 2020/5212,2020,45,0.87
Teknik Och Tillverkning,Systemtekniker Spårfordon,Västmanland,Västerås,0,400,Västerås Stad/Barn- Och Utbildningsförvaltningen/Västerås Yrkeshögskola,MYH 2020/5854,2020,80,1.54
Teknik Och Tillverkning,Tekniker - Robot Och Automatiserad Logistik,Stockholm,Järfälla,0,430,Stiftelsen Yrkeshögskolan Sverige,MYH 2020/5430,2020,86,1.65
Teknik Och Tillverkning,Tekniker Spårbundna Fordon (Säkerhetscertifierad),Västra Götaland,Falköping,0,300,"Falköpings Kommun, Lärcenter",MYH 2020/4421,2020,60,1.15
Teknik Och Tillverkning,Tekniker Tunga Maskiner Och Fordon,Norrbotten,Gällivare,0,300,Yrkesakademin Yh Ab,MYH 2020/3811,2020,60,1.15
Teknik Och Tillverkning,Tekniker Tunga Maskiner Och Fordon,Västra Götaland,Göteborg,0,300,Yrkesakademin Yh Ab,MYH 2020/3810,2020,60,1.15
Teknik Och Tillverkning,Tillämpad Elektronik För Inbyggda System,Västmanland,Surahammar,0,220,Agstu Ab,MYH 2020/4713,2020,44,0.85
Teknik Och Tillverkning,Tågtekniker,Stockholm,Stockholm,0,300,Mtr Nordic,MYH 2020/5403,2020,60,1.15
Teknik Och Tillverkning,Underhållstekniker,Östergötland,Linköping,0,380,Tuc Sweden Ab - Yrkeshögskola,MYH 2020/5416,2020,76,1.46
Teknik Och Tillverkning,Underhållstekniker Inom Automatiserad Tillverkningsindustri,Flera Kommuner,Flera Kommuner,1,315,Gislaveds Kommun Vuxenutbildningen /Hph,MYH 2020/5347,2020,63,1.21
Teknik Och Tillverkning,Underhållstekniker/ Automationstekniker,Stockholm,Nynäshamn,0,425,Campus Nynäshamn,MYH 2020/5057,2020,85,1.63
Teknik Och Tillverkning,Vattenkrafttekniker,Norrbotten,Jokkmokk,0,400,"Lapplands Kommunalförbund, Lapplands Lärcentra",MYH 2020/4388,2020,80,1.54
Teknik Och Tillverkning,Ventilationsingenjör,Dalarna,Borlänge,0,400,Lernia Utbildning Ab,MYH 2020/5161,2020,80,1.54
Teknik Och Tillverkning,Ventilationsingenjör,Kalmar,Kalmar,0,400,Lernia Utbildning Ab,MYH 2020/5164,2020,80,1.54
Teknik Och Tillverkning,Ventilationsingenjör,Norrbotten,Piteå,0,400,Lernia Utbildning Ab,MYH 2020/5169,2020,80,1.54
Teknik Och Tillverkning,Verksamhetsutvecklare,Stockholm,Södertälje,0,305,"Södertälje Kommun, Campus Telge",MYH 2020/5624,2020,61,1.17
Teknik Och Tillverkning,Ytbehandlingsspecialist,Västra Götaland,Trollhättan,0,215,Yrkesakademin Yh Ab,MYH 2020/3865,2020,43,0.83
Transporttjänster,Helikopterpilotutbildning,Västra Götaland,Göteborg,0,480,Svensk Pilotutbildning Ab,MYH 2020/5558,2020,96,1.85
Transporttjänster,Affärsinriktad Speditör Med Inriktning Lönsamma Och Hållbara Logistiklösningar,Flera Kommuner,Flera Kommuner,1,400,"Göteborgs Stad, Yrgo",MYH 2020/5437,2020,80,1.54
Transporttjänster,"Fartygs- Och Maskinbefäl 8, Skärgårdsentreprenör",Västra Götaland,Göteborg,0,210,Sjösportskolan Swedish Maritime Academy Ab,MYH 2020/5581,2020,42,0.81
Transporttjänster,Integrerad Trafikflygarutbildning,Skåne,Klippan,0,500,Lunds Universitet Trafikflyghögskolan,MYH 2020/5035,2020,100,1.92
Transporttjänster,Integrerad Trafikflygarutbildning,Västmanland,Västerås,0,505,Osm Aviation Academy Ab,MYH 2020/5056,2020,101,1.94
Transporttjänster,Internationell Affärslogistiker Inriktning Hållbarhet Och Digitalisering,Skåne,Helsingborg,0,425,Hermods Ab Helsingborg,MYH 2020/3789,2020,85,1.63
Transporttjänster,Kommersiell Drönaroperatör,Skåne,Klippan,0,250,Folkuniversitetet - Kursverksamheten Vid Lunds Universitet,MYH 2020/5490,2020,50,0.96
Transporttjänster,"Logistiker, Arbetsledning Och Flerpartslogistik",Örebro,Örebro,0,430,Stiftelsen Yrkeshögskolan Sverige,MYH 2020/5428,2020,86,1.65
Transporttjänster,Logistiker/Speditör Med Hållbarhetsprofil,Skåne,Malmö,0,400,Stockholms Internationella Handelsskola I Malmö Ab,MYH 2020/4745,2020,80,1.54
Transporttjänster,Logistiker/Speditör Med Hållbarhetsprofil,Stockholm,Stockholm,0,400,Stockholms Internationella Handelsskola Ab,MYH 2020/4724,2020,80,1.54
Transporttjänster,Logistiker/Speditör Med Hållbarhetsprofil,Stockholm,Stockholm,0,400,Stockholms Internationella Handelsskola Ab,MYH 2020/4725,2020,80,1.54
Transporttjänster,Lokförare,Jönköping,Nässjö,0,220,"Nässjö Kommun, Nässjöakademin",MYH 2020/5548,2020,44,0.85
Transporttjänster,Lokförare,Norrbotten,Boden,0,220,"Bodens Kommun, Vuxenutbildningen",MYH 2020/5228,2020,44,0.85
Transporttjänster,Lokförare,Stockholm,Stockholm,0,220,Mtr Nordic,MYH 2020/5412,2020,44,0.85
Transporttjänster,Lokförare,Västra Götaland,Göteborg,0,220,Stiftelsen Yrkeshögskolan Sverige,MYH 2020/5232,2020,44,0.85
Transporttjänster,Lokförare,Örebro,Hallsberg,0,220,Stiftelsen Yrkeshögskolan Sverige,MYH 2020/5261,2020,44,0.85
Transporttjänster,"Skärgårdskapten, Härnösand",Västernorrland,Härnösand,0,400,Klart Skepp Marinteknik Ab,MYH 2020/5618,2020,80,1.54
Transporttjänster,"Skärgårdskapten, Stocksund",Stockholm,Danderyd,0,400,Klart Skepp Marinteknik Ab,MYH 2020/5628,2020,80,1.54
Transporttjänster,Transportledare - Grön Logistik,Västra Götaland,Uddevalla,0,400,Plushögskolan Ab - Teknikhögskolan,MYH 2020/4458,2020,80,1.54
Övrigt,Hantverkslärling,Dalarna,Leksand,0,500,Stiftelsen Hantverk & Utbildning,MYH 2020/3475,2020,100,1.92
Data/It,.Net Developer,Stockholm,Nacka,0,430,Kyh Ab Stockholm,MYH 2021/3639,2021,86,1.65
Data/It,.Net-Utvecklare,Stockholm,Stockholm,0,400,It-Högskolan Stockholm Ab,MYH 2021/3446,2021,80,1.54
Data/It,Advanced Software Developer Electrical & Autonomous Vehicles,Västra Götaland,Trollhättan,0,400,Yrkesakademin Yh Ab,MYH 2021/3002,2021,80,1.54
Data/It,Ai Business Consultant,Stockholm,Stockholm,0,400,Hyper Island Program Ab - Stockholm,MYH 2021/3595,2021,80,1.54
Data/It,Ai Developer,Stockholm,Stockholm,0,400,Jensen Education School Ab,MYH 2021/4142,2021,80,1.54
Data/It,Bi-Analyst Med Ai-Kompetens,Västra Götaland,Uddevalla,0,400,Yrkesakademin Yh Ab,MYH 2021/4084,2021,80,1.54
Data/It,Blockchainutvecklare,Stockholm,Stockholm,0,400,Medieinstitutet I Sverige Ab,MYH 2021/4416,2021,80,1.54
Data/It,Business Intelligence-Analytiker,Stockholm,Solna,0,400,Nackademin Ab,MYH 2021/3749,2021,80,1.54
Data/It,Cloud- Och Infrastrukturspecialist,Kronoberg,Växjö,0,420,Ec Utbildning Ab Växjö,MYH 2021/3380,2021,84,1.62
Data/It,Cloudutvecklare,Västra Götaland,Mölndal,0,400,Campus Mölndal,MYH 2021/3991,2021,80,1.54
Data/It,Cloudutvecklare Aws,Stockholm,Stockholm,0,400,Jensen Education School Ab,MYH 2021/3922,2021,80,1.54
Data/It,Cloudutvecklare Aws,Västra Götaland,Göteborg,0,400,Jensen Education School Ab,MYH 2021/3853,2021,80,1.54
Data/It,Cloudutvecklare Azure,Stockholm,Stockholm,0,400,Jensen Education School Ab,MYH 2021/3960,2021,80,1.54
Data/It,Customer Data Developer,Stockholm,Stockholm,0,400,Ihm Business School Ab Stockholm,MYH 2021/3460,2021,80,1.54
Data/It,Data Engineer,Stockholm,Solna,0,400,Nackademin Ab,MYH 2021/3763,2021,80,1.54
Data/It,Data Scientist,Västra Götaland,Göteborg,0,400,Ec Utbildning Ab Göteborg,MYH 2021/3676,2021,80,1.54
Data/It,"Dataanalytiker - Digitala Spel, Upplevelser, Produkter Och Tjänster",Västerbotten,Skellefteå,0,300,Skellefteå Kommun Vuxenutbildningen,MYH 2021/3877,2021,60,1.15
Data/It,Experience Designer -  Stockholm,Stockholm,Stockholm,0,400,Changemaker Educations Ab,MYH 2021/4386,2021,80,1.54
Data/It,Fpga Systemutvecklare,Västmanland,Surahammar,0,220,Agstu Ab,MYH 2021/3464,2021,44,0.85
Data/It,Front End Developer,Skåne,Malmö,0,400,Medieinstitutet I Sverige Ab,MYH 2021/4341,2021,80,1.54
Data/It,Front End Developer,Stockholm,Stockholm,0,400,Medieinstitutet I Sverige Ab,MYH 2021/4336,2021,80,1.54
Data/It,Front End Developer,Stockholm,Stockholm,0,405,Kyh Ab Stockholm,MYH 2021/3655,2021,81,1.56
Data/It,Frontend Developer,Stockholm,Stockholm,0,400,Hyper Island Program Ab - Stockholm,MYH 2021/3599,2021,80,1.54
Data/It,Frontendutvecklare,Skåne,Helsingborg,0,400,Ec Utbildning Ab Helsingborg,MYH 2021/3415,2021,80,1.54
Data/It,Frontendutvecklare,Stockholm,Stockholm,0,400,Jensen Education School Ab,MYH 2021/3941,2021,80,1.54
Data/It,Frontendutvecklare,Västra Götaland,Göteborg,0,400,Folkuniversitetet Kursverksamheten Vid Göteborgs Universitet,MYH 2021/4033,2021,80,1.54
Data/It,Frontendutvecklare,Västra Götaland,Göteborg,0,400,Jensen Education School Ab,MYH 2021/3838,2021,80,1.54
Data/It,Frontend-Utvecklare,Kronoberg,Växjö,0,400,Ec Utbildning Ab Växjö,MYH 2021/3383,2021,80,1.54
Data/It,Frontend-Utvecklare,Stockholm,Stockholm,0,400,It-Högskolan Stockholm Ab,MYH 2021/3443,2021,80,1.54
Data/It,Frontend-Utvecklare,Västra Götaland,Göteborg,0,400,It-Högskolan Sverige Ab,MYH 2021/3444,2021,80,1.54
Data/It,Frontendutvecklare För Mobil Och Webb,Stockholm,Stockholm,0,425,Chas Academy Ab,MYH 2021/3896,2021,85,1.63
Data/It,Frontendutvecklare Inriktning Webbsäkerhet,Stockholm,Stockholm,0,400,Jensen Education School Ab,MYH 2021/3894,2021,80,1.54
Data/It,Frontendutvecklare Inriktning Webbsäkerhet,Västra Götaland,Göteborg,0,400,Jensen Education School Ab,MYH 2021/3848,2021,80,1.54
Data/It,Fullstackutvecklare .Net,Stockholm,Stockholm,0,410,Chas Academy Ab,MYH 2021/3928,2021,82,1.58
Data/It,Fullstackutvecklare Javascript,Stockholm,Stockholm,0,430,Chas Academy Ab,MYH 2021/3900,2021,86,1.65
Data/It,Futuregames Qa / Game Tester,Norrbotten,Boden,0,300,Changemaker Educations Ab,MYH 2021/4291,2021,60,1.15
Data/It,Industrial Technical Artist,Västra Götaland,Göteborg,0,400,"Göteborgs Stad, Yrgo",MYH 2021/3862,2021,80,1.54
Data/It,Iot-Utvecklare,Stockholm,Stockholm,0,400,Stiftelsen Stockholms Tekniska Institut,MYH 2021/3850,2021,80,1.54
Data/It,It-Infrastrukturtekniker - Moln & Säkerhet,Kronoberg,Ljungby,0,400,Idé & Resurscentrum I Ljungby Ab,MYH 2021/3500,2021,80,1.54
Data/It,It-Projektledare,Halland,Varberg,0,400,Campus Varberg/Varbergs Kommun,MYH 2021/3544,2021,80,1.54
Data/It,It-Projektledare,Stockholm,Stockholm,0,300,Jensen Education School Ab,MYH 2021/3906,2021,60,1.15
Data/It,It-Säkerhetsspecialist,Västra Götaland,Göteborg,0,425,Ec Utbildning Ab Göteborg,MYH 2021/3683,2021,85,1.63
Data/It,It-Säkerhetstekniker - Etisk Hackare,Flera Kommuner,Flera Kommuner,1,440,Edugrade Ab,MYH 2021/4311,2021,88,1.69
Data/It,Javascriptutvecklare,Västra Götaland,Göteborg,0,400,Folkuniversitetet Kursverksamheten Vid Göteborgs Universitet,MYH 2021/4031,2021,80,1.54
Data/It,Javascript-Utvecklare,Västra Götaland,Göteborg,0,400,It-Högskolan Sverige Ab,MYH 2021/3430,2021,80,1.54
Data/It,Javautvecklare,Skåne,Malmö,0,400,Grit Academy Ab,MYH 2021/3565,2021,80,1.54
Data/It,Javautvecklare,Stockholm,Stockholm,0,415,Stiftelsen Stockholms Tekniska Institut,MYH 2021/4323,2021,83,1.6
Data/It,Javautvecklare,Västra Götaland,Mölndal,0,400,Campus Mölndal,MYH 2021/3997,2021,80,1.54
Data/It,Javautvecklare,Västra Götaland,Göteborg,0,405,Plushögskolan Ab - Teknikhögskolan,MYH 2021/3785,2021,81,1.56
Data/It,Kvalitetssäkrare Och Testare Inom It,Stockholm,Solna,0,400,Nackademin Ab,MYH 2021/3778,2021,80,1.54
Data/It,Mjukvarutestare,Örebro,Örebro,0,325,Ec Utbildning Ab Örebro,MYH 2021/3390,2021,65,1.25
Data/It,Mjukvaruutvecklare,Östergötland,Norrköping,0,400,Östsvenska Yrkeshögskolan Ab,MYH 2021/3760,2021,80,1.54
Data/It,Mjukvaruutvecklare För Mobilitetstjänster,Västra Götaland,Göteborg,0,400,Folkuniversitetet Kursverksamheten Vid Göteborgs Universitet,MYH 2021/4052,2021,80,1.54
Data/It,Mobilapplikationsutvecklare,Västra Götaland,Göteborg,0,400,Folkuniversitetet Kursverksamheten Vid Göteborgs Universitet,MYH 2021/4037,2021,80,1.54
Data/It,Moln- Och Virtualiseringsspecialist,Västra Götaland,Mölndal,0,400,Campus Mölndal,MYH 2021/3995,2021,80,1.54
Data/It,Moln- Och Virtualiseringstekniker,Skåne,Malmö,0,400,Folkuniversitetet - Kursverksamheten Vid Lunds Universitet,MYH 2021/4101,2021,80,1.54
Data/It,Objektorienterad Programmering Med Inriktning Ai - Göteborg,Västra Götaland,Göteborg,0,400,Handelsakademin I Göteborg Ab,MYH 2021/4086,2021,80,1.54
Data/It,Programutvecklare Java,Stockholm,Solna,0,400,Nackademin Ab,MYH 2021/3851,2021,80,1.54
Data/It,Pythonutvecklare Inom Ai,Stockholm,Solna,0,400,Nackademin Ab,MYH 2021/3860,2021,80,1.54
Data/It,Pythonutvecklare Inriktning Ai,Västra Götaland,Göteborg,0,405,Plushögskolan Ab - Teknikhögskolan,MYH 2021/3674,2021,81,1.56
Data/It,Server- Och Virtualiseringsspecialist,Örebro,Örebro,0,400,Ec Utbildning Ab Örebro,MYH 2021/3388,2021,80,1.54
Data/It,Spelprogrammerare,Skåne,Malmö,0,550,Tga Utbildning Ab,MYH 2021/3360,2021,110,2.12
Data/It,Systemutvecklare .Net,Skåne,Malmö,0,400,Newton Kompetensutveckling Ab,MYH 2021/3700,2021,80,1.54
Data/It,Systemutvecklare .Net,Västerbotten,Umeå,0,400,Yrkesakademin Yh Ab,MYH 2021/3131,2021,80,1.54
Data/It,Systemutvecklare Inriktning Säkerhet,Skåne,Malmö,0,400,Jensen Education School Ab,MYH 2021/4132,2021,80,1.54
Data/It,Systemutvecklare.Net,Västra Götaland,Borås,0,400,Borås Stad - Borås Yrkeshögskola,MYH 2021/3931,2021,80,1.54
Data/It,Systemutvecklare.Net,Östergötland,Linköping,0,420,Tuc Sweden Ab - Yrkeshögskola,MYH 2021/3580,2021,84,1.62
Data/It,Säkerhetsspecialist,Flera Kommuner,Flera Kommuner,1,400,It-Högskolan Sverige Ab,MYH 2021/3448,2021,80,1.54
Data/It,Teknisk Testare,Västra Götaland,Göteborg,0,300,Jensen Education School Ab,MYH 2021/3808,2021,60,1.15
Data/It,Ux Designer,Flera Kommuner,Flera Kommuner,1,405,Ec Utbildning Ab Malmö,MYH 2021/3412,2021,81,1.56
Data/It,Ux Designer,Västra Götaland,Göteborg,0,400,"Göteborgs Stad, Yrgo",MYH 2021/3834,2021,80,1.54
Data/It,Ux/Ui-Designer Med Frontendkompetens,Stockholm,Stockholm,0,420,Chas Academy Ab,MYH 2021/3815,2021,84,1.62
Data/It,Ux-Designer,Stockholm,Nacka,0,400,Kyh Ab Stockholm,MYH 2021/3705,2021,80,1.54
Data/It,Virtual Reality-Utvecklare,Stockholm,Solna,0,400,Nackademin Ab,MYH 2021/3795,2021,80,1.54
Data/It,Webbutvecklare,Jönköping,Jönköping,0,400,Tuc Sweden Ab - Yrkeshögskola,MYH 2021/4129,2021,80,1.54
Data/It,Webbutvecklare,Västra Götaland,Göteborg,0,400,"Göteborgs Stad, Yrgo",MYH 2021/3787,2021,80,1.54
Data/It,Webbutvecklare .Net,Jönköping,Värnamo,0,400,Tekniska Högskolan I Jönköping Ab,MYH 2021/4160,2021,80,1.54
Data/It,Webbutvecklare Frontend,Flera Kommuner,Flera Kommuner,1,400,Borås Stad - Borås Yrkeshögskola,MYH 2021/3920,2021,80,1.54
Data/It,Webbutvecklare Inom .Net,Halland,Halmstad,0,400,Ec Utbildning Ab Halmstad,MYH 2021/3692,2021,80,1.54
Data/It,Webbutvecklare Inom .Net,Värmland,Karlstad,0,400,Ec Utbildning Ab Örebro,MYH 2021/3374,2021,80,1.54
Data/It,Webbutvecklare Inom .Net,Västra Götaland,Göteborg,0,400,Ec Utbildning Ab Göteborg,MYH 2021/3689,2021,80,1.54
Data/It,Webbutvecklare Inom .Net,Örebro,Örebro,0,400,Ec Utbildning Ab Örebro,MYH 2021/3389,2021,80,1.54
Data/It,Xr Creative Developer,Stockholm,Stockholm,0,400,Hyper Island Program Ab - Stockholm,MYH 2021/3716,2021,80,1.54
"Ekonomi, Administration Och Försäljning",Administratör Inom Vård Och Omsorg Och Funktionsstöd,Västra Götaland,Göteborg,0,200,"Göteborgs Stad, Yrgo",MYH 2021/3563,2021,40,0.77
"Ekonomi, Administration Och Försäljning",Bank- Och Försäkringsrådgivare,Västra Götaland,Göteborg,0,400,"Göteborgs Stad, Yrgo",MYH 2021/3904,2021,80,1.54
"Ekonomi, Administration Och Försäljning",Butiksledare Inom Handel Och Dagligvaror,Stockholm,Stockholm,0,300,"Stockholms Stad, Frans Schartaus Handelsinstitut",MYH 2021/3929,2021,60,1.15
"Ekonomi, Administration Och Försäljning",Customer Experience Specialist,Stockholm,Stockholm,0,420,Ihm Business School Ab Stockholm,MYH 2021/3417,2021,84,1.62
"Ekonomi, Administration Och Försäljning",Demand Chain Management - Digitala Lösningar För Hållbara Globala Försörjningskedjor,Flera Kommuner,Flera Kommuner,1,425,One Academy Ab,MYH 2021/4400,2021,85,1.63
"Ekonomi, Administration Och Försäljning",Digital Analytics,Stockholm,Stockholm,0,320,Medieinstitutet I Sverige Ab,MYH 2021/4340,2021,64,1.23
"Ekonomi, Administration Och Försäljning",Digital Analytiker,Skåne,Malmö,0,320,Medieinstitutet I Sverige Ab,MYH 2021/4339,2021,64,1.23
"Ekonomi, Administration Och Försäljning",Digital Business Developer,Västra Götaland,Borås,0,400,Borås Stad - Borås Yrkeshögskola,MYH 2021/3913,2021,80,1.54
"Ekonomi, Administration Och Försäljning",Digital Marketing Specialist,Västra Götaland,Göteborg,0,400,Ihm Business School Ab Göteborg,MYH 2021/3304,2021,80,1.54
"Ekonomi, Administration Och Försäljning",Digital Marknadsförare,Stockholm,Solna,0,400,Sälj & Marknadshögskolan I Sverige Ab - Stockholm,MYH 2021/3179,2021,80,1.54
"Ekonomi, Administration Och Försäljning",Digital Marknadsförare,Stockholm,Stockholm,0,400,Stockholms Internationella Handelsskola Ab,MYH 2021/3695,2021,80,1.54
"Ekonomi, Administration Och Försäljning",Digital Marknadsföringsspecialist,Jönköping,Jönköping,0,410,Tuc Sweden Ab - Yrkeshögskola,MYH 2021/3625,2021,82,1.58
"Ekonomi, Administration Och Försäljning",Digital Store Manager,Flera Kommuner,Flera Kommuner,1,300,"Uddevalla Kommun, Vuxenutbildningen",MYH 2021/3217,2021,60,1.15
"Ekonomi, Administration Och Försäljning",Eco Sale,Stockholm,Solna,0,210,Hermods Ab Stockholm,MYH 2021/3184,2021,42,0.81
"Ekonomi, Administration Och Försäljning",E-Commerce Logistiker,Stockholm,Stockholm,0,400,Ihm Business School Ab Stockholm,MYH 2021/3476,2021,80,1.54
"Ekonomi, Administration Och Försäljning",E-Commerce Manager,Jönköping,Jönköping,0,415,Tuc Sweden Ab - Yrkeshögskola,MYH 2021/3687,2021,83,1.6
"Ekonomi, Administration Och Försäljning",E-Commerce Product Manager,Flera Kommuner,Flera Kommuner,1,400,"Uddevalla Kommun, Vuxenutbildningen",MYH 2021/3216,2021,80,1.54
"Ekonomi, Administration Och Försäljning",Ekonomi- Och Redovisningskonsult,Västra Götaland,Göteborg,0,400,"Göteborgs Stad, Yrgo",MYH 2021/4085,2021,80,1.54
"Ekonomi, Administration Och Försäljning",Försäkringsrådgivare/Skadereglerare/Riskbedömare,Stockholm,Stockholm,0,400,Företagsekonomiska Institutet 1888 Ab,MYH 2021/4123,2021,80,1.54
"Ekonomi, Administration Och Försäljning",Inköpare Med Hållbarhetskompetens,Stockholm,Stockholm,0,400,Näringslivsakademin,MYH 2021/3404,2021,80,1.54
"Ekonomi, Administration Och Försäljning",Key Account Manager,Flera Kommuner,Flera Kommuner,1,225,Ihm Business School Ab Malmö,MYH 2021/3274,2021,45,0.87
"Ekonomi, Administration Och Försäljning",Key Account Manager,Stockholm,Solna,0,200,Sälj & Marknadshögskolan I Sverige Ab - Stockholm,MYH 2021/3195,2021,40,0.77
"Ekonomi, Administration Och Försäljning",Key Account Manager,Östergötland,Linköping,0,200,Tuc Sweden Ab - Yrkeshögskola,MYH 2021/3559,2021,40,0.77
"Ekonomi, Administration Och Försäljning",Kvalificerad Inköpare,Stockholm,Stockholm,0,400,Företagsekonomiska Institutet 1888 Ab,MYH 2021/4105,2021,80,1.54
"Ekonomi, Administration Och Försäljning",Löne- Och Ekonomikonsult,Västra Götaland,Härryda,0,300,"Härryda Kommun, Yrkeshögskolan I Mölnlycke",MYH 2021/3612,2021,60,1.15
"Ekonomi, Administration Och Försäljning",Löneekonom - Inriktning Systemkunskap,Stockholm,Stockholm,0,400,"Stockholms Stad, Frans Schartaus Handelsinstitut",MYH 2021/3951,2021,80,1.54
"Ekonomi, Administration Och Försäljning",Lönekonsult Med Digital Kompetens,Gävleborg,Gävle,0,420,Plushögskolan Ab - Affärshögskolan,MYH 2021/3367,2021,84,1.62
"Ekonomi, Administration Och Försäljning",Lönespecialist,Flera Kommuner,Flera Kommuner,1,400,Tuc Sweden Ab - Yrkeshögskola,MYH 2021/3933,2021,80,1.54
"Ekonomi, Administration Och Försäljning",Lönespecialist Med Systeminriktning,Stockholm,Stockholm,0,400,Iterum Education Ab,MYH 2021/3842,2021,80,1.54
"Ekonomi, Administration Och Försäljning",Marketing Automation,Stockholm,Stockholm,0,400,Medieinstitutet I Sverige Ab,MYH 2021/4342,2021,80,1.54
"Ekonomi, Administration Och Försäljning",Marketing Automation Specialist,Skåne,Helsingborg,0,400,Yrkesakademin Yh Ab,MYH 2021/3368,2021,80,1.54
"Ekonomi, Administration Och Försäljning",Marketing Automation Specialist,Stockholm,Järfälla,0,400,Yrkesakademin Yh Ab,MYH 2021/4168,2021,80,1.54
"Ekonomi, Administration Och Försäljning",Marknadskoordinator,Stockholm,Stockholm,0,320,Medieinstitutet I Sverige Ab,MYH 2021/4404,2021,64,1.23
"Ekonomi, Administration Och Försäljning",Medicinsk Sekreterare,Stockholm,Botkyrka,0,400,"Botkyrka Kommun, Xenter Botkyrka",MYH 2021/3935,2021,80,1.54
"Ekonomi, Administration Och Försäljning",Medicinsk Sekreterare,Stockholm,Stockholm,0,400,"Stockholms Stad, Frans Schartaus Handelsinstitut",MYH 2021/4220,2021,80,1.54
"Ekonomi, Administration Och Försäljning",Medicinsk Sekreterare,Västra Götaland,Skövde,0,400,"Skövde Kommun, Skövde Yrkeshögskola",MYH 2021/4191,2021,80,1.54
"Ekonomi, Administration Och Försäljning",Medicinsk Vårdadministratör,Örebro,Örebro,0,400,Consensus Sverige Ab,MYH 2021/3736,2021,80,1.54
"Ekonomi, Administration Och Försäljning",Online Merchandiser,Västra Götaland,Göteborg,0,400,Sälj & Marknadshögskolan I Sverige Ab,MYH 2021/3085,2021,80,1.54
"Ekonomi, Administration Och Försäljning",Onlinemarknadsförare Gbg,Västra Götaland,Göteborg,0,320,Medieinstitutet I Sverige Ab,MYH 2021/4365,2021,64,1.23
"Ekonomi, Administration Och Försäljning",Optikerassistent,Jönköping,Jönköping,0,200,Tuc Sweden Ab - Yrkeshögskola,MYH 2021/3533,2021,40,0.77
"Ekonomi, Administration Och Försäljning",Payroll Business Partner,Skåne,Malmö,0,410,Stockholm School Of Business,MYH 2021/4348,2021,82,1.58
"Ekonomi, Administration Och Försäljning",Redovisningsekonom,Skåne,Helsingborg,0,430,Tuc Sweden Ab - Yrkeshögskola,MYH 2021/3855,2021,86,1.65
"Ekonomi, Administration Och Försäljning",Redovisningskonsult,Flera Kommuner,Flera Kommuner,1,400,Företagsekonomiska Institutet 1888 Ab,MYH 2021/4391,2021,80,1.54
"Ekonomi, Administration Och Försäljning",Redovisningskonsult,Skåne,Helsingborg,0,440,Competensum Skåne Nordväst Ab,MYH 2021/3699,2021,88,1.69
"Ekonomi, Administration Och Försäljning",Redovisningskonsult,Stockholm,Stockholm,0,400,Företagsekonomiska Institutet 1888 Ab,MYH 2021/4109,2021,80,1.54
"Ekonomi, Administration Och Försäljning",Redovisningskonsult,Stockholm,Stockholm,0,410,Stockholm School Of Business,MYH 2021/3567,2021,82,1.58
"Ekonomi, Administration Och Försäljning",Strategiskt Inköp Och Upphandling,Flera Kommuner,Flera Kommuner,1,430,One Academy Ab,MYH 2021/4249,2021,86,1.65
"Ekonomi, Administration Och Försäljning",Strategiskt Inköp Och Upphandling,Flera Kommuner,Flera Kommuner,1,430,One Academy Ab,MYH 2021/4200,2021,86,1.65
"Ekonomi, Administration Och Försäljning",Strategiskt Inköp Och Upphandling,Västra Götaland,Göteborg,0,430,One Academy Ab,MYH 2021/4185,2021,86,1.65
"Ekonomi, Administration Och Försäljning",Strategiskt Inköp Och Upphandling,Östergötland,Linköping,0,430,One Academy Ab,MYH 2021/4214,2021,86,1.65
"Ekonomi, Administration Och Försäljning",Technical Account Manager,Örebro,Örebro,0,420,Hermods Ab Örebro,MYH 2021/3921,2021,84,1.62
"Ekonomi, Administration Och Försäljning",Technicial Sales Manager,Stockholm,Stockholm,0,405,Plushögskolan Ab - Teknikhögskolan,MYH 2021/3253,2021,81,1.56
"Ekonomi, Administration Och Försäljning",Tullspecialist,Stockholm,Stockholm,0,300,Tuc Sweden Ab - Yrkeshögskola,MYH 2021/3136,2021,60,1.15
"Ekonomi, Administration Och Försäljning",Tullspecialist (Ccs),Västra Götaland,Härryda,0,300,"Härryda Kommun, Yrkeshögskolan I Mölnlycke",MYH 2021/3604,2021,60,1.15
"Ekonomi, Administration Och Försäljning",Verksamhetsledare/Samordnare Inom Social Omsorg,Stockholm,Upplands-Bro,0,200,"Upplands-Bro Kommun, Vuxenutbildningen",MYH 2021/3729,2021,40,0.77
"Ekonomi, Administration Och Försäljning",Visual Merchandiser,Stockholm,Stockholm,0,300,"Stockholms Stad, Frans Schartaus Handelsinstitut",MYH 2021/3939,2021,60,1.15
"Ekonomi, Administration Och Försäljning",Visual Merchandiser - Unified Commerce,Västra Götaland,Göteborg,0,400,Ihm Business School Ab Göteborg,MYH 2021/3303,2021,80,1.54
"Ekonomi, Administration Och Försäljning",Vårdadministratör,Östergötland,Linköping,0,400,Östsvenska Yrkeshögskolan Ab,MYH 2021/3300,2021,80,1.54
Friskvård Och Kroppsvård,Hud- Och Spaterapeut,Stockholm,Nacka,0,300,Hudvårdshögskolan International Beauty School Of Sweden Ab,MYH 2021/3548,2021,60,1.15
Friskvård Och Kroppsvård,Hud- Och Spaterapeut,Stockholm,Solna,0,300,Yrkeshögskolan För Hudvård & Spa Ab,MYH 2021/3668,2021,60,1.15
Friskvård Och Kroppsvård,Hud- Och Spaterapeut,Stockholm,Stockholm,0,300,Axelsons Gymnastiska Institut,MYH 2021/3876,2021,60,1.15
Friskvård Och Kroppsvård,Massage- Och Friskvårdsterapeut,Östergötland,Linköping,0,400,Bergqvists Massage & Friskvårdsutbildningar Ab,MYH 2021/3337,2021,80,1.54
"Hotell, Restaurang Och Turism",Affärsutvecklare Besöksnäring,Flera Kommuner,Flera Kommuner,1,400,Yrkesakademin Yh Ab,MYH 2021/3558,2021,80,1.54
"Hotell, Restaurang Och Turism",Affärsutvecklare Besöksnäring,Flera Kommuner,Flera Kommuner,1,400,Yrkesakademin Yh Ab,MYH 2021/3554,2021,80,1.54
"Hotell, Restaurang Och Turism",Affärsutvecklare Besöksnäring,Jämtland,Åre,0,400,Yrkesakademin Yh Ab,MYH 2021/3552,2021,80,1.54
"Hotell, Restaurang Och Turism",Arbetsledare Inom Måltidsservice,Jönköping,Tranås,0,200,Tuc Sweden Ab - Yrkeshögskola,MYH 2021/3453,2021,40,0.77
"Hotell, Restaurang Och Turism","Congress, Conference And Meeting Professional - Pco",Flera Kommuner,Flera Kommuner,1,420,Idéutvecklarna Ab,MYH 2021/3528,2021,84,1.62
"Hotell, Restaurang Och Turism",Driftansvarig Hotell,Västra Götaland,Göteborg,0,210,"Göteborgs Stad, Yrgo",MYH 2021/4127,2021,42,0.81
"Hotell, Restaurang Och Turism",Food & Beverage Manager,Stockholm,Stockholm,0,300,Företagsekonomiska Institutet 1888 Ab,MYH 2021/4411,2021,60,1.15
"Hotell, Restaurang Och Turism",Hotel & Restaurant Manager,Flera Kommuner,Flera Kommuner,1,305,Tuc Sweden Ab - Yrkeshögskola,MYH 2021/3537,2021,61,1.17
"Hotell, Restaurang Och Turism",Hotel Supervisor,Flera Kommuner,Flera Kommuner,1,225,Yrkesakademin Yh Ab,MYH 2021/3910,2021,45,0.87
"Hotell, Restaurang Och Turism",Internationell Sommelier - Matsalsschef,Stockholm,Stockholm,0,200,Restaurangakademien Ab,MYH 2021/4346,2021,40,0.77
"Hotell, Restaurang Och Turism",Koordinator Inom Besöksnäringen,Skåne,Båstad,0,400,Båstad Kommun Akademi Båstad,MYH 2021/3617,2021,80,1.54
"Hotell, Restaurang Och Turism",Köksmästare,Västra Götaland,Göteborg,0,150,"Göteborgs Stad, Yrgo",MYH 2021/3756,2021,30,0.58
"Hotell, Restaurang Och Turism",Management Inom Hotell Och Besöksnäring,Skåne,Malmö,0,300,Tec Travel Education Centre Ab,MYH 2021/4429,2021,60,1.15
"Hotell, Restaurang Och Turism",Management Inom Hotell Och Besöksnäring,Stockholm,Stockholm,0,300,Tec Travel Education Centre Ab,MYH 2021/4428,2021,60,1.15
"Hotell, Restaurang Och Turism",Management Inom Hotell Och Besöksnäring,Västra Götaland,Göteborg,0,300,Tec Travel Education Centre Ab,MYH 2021/4426,2021,60,1.15
"Hotell, Restaurang Och Turism",Musik- Och Eventarrangör,Södermanland,Nyköping,0,400,Campus Nyköping,MYH 2021/3577,2021,80,1.54
"Hotell, Restaurang Och Turism",Project Manager Meetings And Events,Stockholm,Stockholm,0,400,Tec Travel Education Centre Ab,MYH 2021/4401,2021,80,1.54
"Hotell, Restaurang Och Turism",Service Manager,Skåne,Malmö,0,400,Malmö Stad Yrkeshögskolan Malmö,MYH 2021/3767,2021,80,1.54
"Hotell, Restaurang Och Turism",Trac Turism- Och Resekonsult,Uppsala,Uppsala,0,400,Yrkesakademin Yh Ab,MYH 2021/3310,2021,80,1.54
Hälso- Och Sjukvård Samt Socialt Arbete,Aktiveringspedagog Inriktning Äldre/Rehabilitering,Västra Götaland,Mölndal,0,300,Campus Mölndal,MYH 2021/4019,2021,60,1.15
Hälso- Och Sjukvård Samt Socialt Arbete,Ambulanssjukvårdare,Norrbotten,Luleå,0,200,Lernia Utbildning Ab,MYH 2021/3482,2021,40,0.77
Hälso- Och Sjukvård Samt Socialt Arbete,Ambulanssjukvårdare,Skåne,Malmö,0,200,Lernia Utbildning Ab,MYH 2021/3483,2021,40,0.77
Hälso- Och Sjukvård Samt Socialt Arbete,Ambulanssjukvårdare,Uppsala,Uppsala,0,200,Folkuniversitetet - Stiftelsen Kursverksamheten Vid Uppsala Universitetet,MYH 2021/3829,2021,40,0.77
Hälso- Och Sjukvård Samt Socialt Arbete,Apotekstekniker,Stockholm,Stockholm,0,300,"Stockholms Stad, Frans Schartaus Handelsinstitut",MYH 2021/3916,2021,60,1.15
Hälso- Och Sjukvård Samt Socialt Arbete,Apotekstekniker,Stockholm,Stockholm,0,300,Tuc Sweden Ab - Yrkeshögskola,MYH 2021/4390,2021,60,1.15
Hälso- Och Sjukvård Samt Socialt Arbete,Apotekstekniker,Västra Götaland,Göteborg,0,300,"Göteborgs Stad, Yrgo",MYH 2021/4102,2021,60,1.15
Hälso- Och Sjukvård Samt Socialt Arbete,Behandlingspedagog,Flera Kommuner,Flera Kommuner,1,400,Campus Nynäshamn,MYH 2021/3912,2021,80,1.54
Hälso- Och Sjukvård Samt Socialt Arbete,Behandlingspedagog,Gävleborg,Hudiksvall,0,440,Hudiksvall Kommun Cul,MYH 2021/3532,2021,88,1.69
Hälso- Och Sjukvård Samt Socialt Arbete,Behandlingspedagog,Skåne,Eslöv,0,400,Eslövs Folkhögskola,MYH 2021/3812,2021,80,1.54
Hälso- Och Sjukvård Samt Socialt Arbete,Behandlingspedagog,Västernorrland,Sollefteå,0,400,Sollefteå Kommun - Reveljen,MYH 2021/3844,2021,80,1.54
Hälso- Och Sjukvård Samt Socialt Arbete,Behandlingspedagog,Västra Götaland,Trollhättan,0,400,Yrkesakademin Yh Ab,MYH 2021/3381,2021,80,1.54
Hälso- Och Sjukvård Samt Socialt Arbete,Behandlingspedagog,Östergötland,Linköping,0,420,Tuc Sweden Ab - Yrkeshögskola,MYH 2021/3121,2021,84,1.62
Hälso- Och Sjukvård Samt Socialt Arbete,Behandlingspedagog,Dalarna,Falun,0,400,Yrkesakademin Yh Ab,MYH 2021/3394,2021,80,1.54
Hälso- Och Sjukvård Samt Socialt Arbete,Behandlingspedagog,Uppsala,Uppsala,0,400,Yrkesakademin Yh Ab,MYH 2021/3570,2021,80,1.54
Hälso- Och Sjukvård Samt Socialt Arbete,Demensspecialiserad Undersköterska,Värmland,Forshaga,0,200,"Forshaga Kommun, Forshaga Yrkeshögskola",MYH 2021/3644,2021,40,0.77
Hälso- Och Sjukvård Samt Socialt Arbete,Förändringsledare Inom Välfärden,Flera Kommuner,Flera Kommuner,1,300,Plushögskolan Ab - Vårdyrkeshögskolan,MYH 2021/3224,2021,60,1.15
Hälso- Och Sjukvård Samt Socialt Arbete,Handledare - Socialpsykiatri,Skåne,Eslöv,0,400,"Eslövs Kommun, Yrkeshögskolan I Eslöv",MYH 2021/3821,2021,80,1.54
Hälso- Och Sjukvård Samt Socialt Arbete,Handledare Inom Lss Och Socialpsykiatri,Flera Kommuner,Flera Kommuner,1,250,Plushögskolan Ab - Vårdyrkeshögskolan,MYH 2021/3234,2021,50,0.96
Hälso- Och Sjukvård Samt Socialt Arbete,Instrument Och Steriltekniker,Dalarna,Falun,0,315,Yrkesakademin Yh Ab,MYH 2021/3521,2021,63,1.21
Hälso- Och Sjukvård Samt Socialt Arbete,Instrument Och Steriltekniker,Östergötland,Linköping,0,315,Yrkesakademin Yh Ab,MYH 2021/3524,2021,63,1.21
Hälso- Och Sjukvård Samt Socialt Arbete,Medicinsk Massageterapeut,Skåne,Malmö,0,400,Bergqvists Massage & Friskvårdsutbildningar Ab,MYH 2021/3333,2021,80,1.54
Hälso- Och Sjukvård Samt Socialt Arbete,Medicinsk Massageterapeut,Stockholm,Stockholm,0,400,Bergqvists Massage & Friskvårdsutbildningar Ab,MYH 2021/3335,2021,80,1.54
Hälso- Och Sjukvård Samt Socialt Arbete,Socialpedagog,Norrbotten,Piteå,0,400,Lernia Utbildning Ab,MYH 2021/3616,2021,80,1.54
Hälso- Och Sjukvård Samt Socialt Arbete,Socialpedagog Med Inriktning Kbt,Västmanland,Västerås,0,425,Västerås Stad/Barn- Och Utbildningsförvaltningen/Västerås Yrkeshögskola,MYH 2021/3620,2021,85,1.63
Hälso- Och Sjukvård Samt Socialt Arbete,Socialpedagog Med Särskild Kompetens Inom Kbt,Skåne,Malmö,0,400,Sverigehälsan Ab,MYH 2021/3887,2021,80,1.54
Hälso- Och Sjukvård Samt Socialt Arbete,Socialpedagog/ Behandlingspedagog Med Interkulturell Profil,Västra Götaland,Göteborg,0,400,Finska Folkhögskolans Stiftelse,MYH 2021/3714,2021,80,1.54
Hälso- Och Sjukvård Samt Socialt Arbete,Specialiserad Undersköterska I Demensvård,Västernorrland,Kramfors,0,200,"Kramfors Kommun, Yrkeshögskolan Höga Kusten",MYH 2021/3888,2021,40,0.77
Hälso- Och Sjukvård Samt Socialt Arbete,Specialistundersköterska - Äldres Hälsa Och Ohälsa,Flera Kommuner,Flera Kommuner,1,200,"Kristianstad Kommun, Vuxenutbildningen",MYH 2021/3923,2021,40,0.77
Hälso- Och Sjukvård Samt Socialt Arbete,Specialistundersköterska Akut- Och Intensivvård,Östergötland,Linköping,0,200,Östsvenska Yrkeshögskolan Ab,MYH 2021/3779,2021,40,0.77
Hälso- Och Sjukvård Samt Socialt Arbete,Specialistundersköterska- Avancerad Nära Vård Inom Kommunal Verksamhet,Flera Kommuner,Flera Kommuner,1,240,Köpings Kommun,MYH 2021/3802,2021,48,0.92
Hälso- Och Sjukvård Samt Socialt Arbete,Specialistundersköterska Demensvård,Örebro,Örebro,0,235,Örebro Kommun Yrkesutbildningscenter,MYH 2021/3213,2021,47,0.9
Hälso- Och Sjukvård Samt Socialt Arbete,Specialistundersköterska Inom Demens,Västmanland,Arboga,0,200,"Arboga Kommun, Vuxenutbildningen",MYH 2021/3504,2021,40,0.77
Hälso- Och Sjukvård Samt Socialt Arbete,Specialistundersköterska Inom Demensvård,Flera Kommuner,Flera Kommuner,1,210,Tuc Sweden Ab - Yrkeshögskola,MYH 2021/4437,2021,42,0.81
Hälso- Och Sjukvård Samt Socialt Arbete,Specialistundersköterska Inom Laboratoriemedicin,Stockholm,Stockholm,0,200,Lernia Utbildning Ab,MYH 2021/3522,2021,40,0.77
Hälso- Och Sjukvård Samt Socialt Arbete,Specialistundersköterska Inom Psykiatri,Flera Kommuner,Flera Kommuner,1,210,Tuc Sweden Ab - Yrkeshögskola,MYH 2021/4060,2021,42,0.81
Hälso- Och Sjukvård Samt Socialt Arbete,Specialistundersköterska Inom Äldreomsorg,Västra Götaland,Skövde,0,200,"Skövde Kommun, Skövde Yrkeshögskola",MYH 2021/4063,2021,40,0.77
Hälso- Och Sjukvård Samt Socialt Arbete,Specialistundersköterska Inom Äldrevård Med Inriktning Hälsa Och Rehabilitering,Uppsala,Uppsala,0,200,Folkuniversitetet - Stiftelsen Kursverksamheten Vid Uppsala Universitetet,MYH 2021/3892,2021,40,0.77
Hälso- Och Sjukvård Samt Socialt Arbete,Specialistundersköterska Multisjuka Äldre,Stockholm,Stockholm,0,200,Kompetensutvecklingsinstitutet Sverige Ab,MYH 2021/3340,2021,40,0.77
Hälso- Och Sjukvård Samt Socialt Arbete,Specialistundersköterska Palliativ Vård,Örebro,Örebro,0,235,Örebro Kommun Yrkesutbildningscenter,MYH 2021/3254,2021,47,0.9
Hälso- Och Sjukvård Samt Socialt Arbete,Specialistundersköterska Psykisk Ohälsa/Skötare,Örebro,Örebro,0,235,Örebro Kommun Yrkesutbildningscenter,MYH 2021/3214,2021,47,0.9
Hälso- Och Sjukvård Samt Socialt Arbete,Specialistundersköterska Röntgen,Östergötland,Linköping,0,200,Medlearn Ab,MYH 2021/3502,2021,40,0.77
Hälso- Och Sjukvård Samt Socialt Arbete,Specialistutbildad Undersköterska Akutsjukvård Distans,Västra Götaland,Vänersborg,0,200,"Kunskapsförbundet Väst, Vuxenutbildningen",MYH 2021/3545,2021,40,0.77
Hälso- Och Sjukvård Samt Socialt Arbete,"Specialistutbildad Undersköterska Anestesi, Operation Och Intensivvård",Flera Kommuner,Flera Kommuner,1,200,"Göteborgs Stad, Yrgo",MYH 2021/3915,2021,40,0.77
Hälso- Och Sjukvård Samt Socialt Arbete,"Specialistutbildad Undersköterska Anestesi, Operation Och Intensivvård",Stockholm,Stockholm,0,200,"Stockholms Stad, Frans Schartaus Handelsinstitut",MYH 2021/4137,2021,40,0.77
Hälso- Och Sjukvård Samt Socialt Arbete,Specialistutbildad Undersköterska Barn- Och Ungdomssjukvård,Västra Götaland,Göteborg,0,200,"Göteborgs Stad, Yrgo",MYH 2021/3947,2021,40,0.77
Hälso- Och Sjukvård Samt Socialt Arbete,Specialistutbildad Undersköterska Inom Demens,Stockholm,Sollentuna,0,200,Consensum Yh S,MYH 2021/4362,2021,40,0.77
Hälso- Och Sjukvård Samt Socialt Arbete,Specialistutbildad Undersköterska Inom Psykisk Ohälsa,Skåne,Lund,0,200,Consensum Yh L,MYH 2021/3428,2021,40,0.77
Hälso- Och Sjukvård Samt Socialt Arbete,Specialistutbildad Undersköterska Inom Vård Och Omsorg Om Äldre,Västra Götaland,Härryda,0,200,Härryda Kommun,MYH 2021/3825,2021,40,0.77
Hälso- Och Sjukvård Samt Socialt Arbete,Stödpedagog,Flera Kommuner,Flera Kommuner,1,200,Kompetensutvecklingsinstitutet Sverige Ab,MYH 2021/3349,2021,40,0.77
Hälso- Och Sjukvård Samt Socialt Arbete,Stödpedagog,Västra Götaland,Göteborg,0,200,"Göteborgs Stad, Yrgo",MYH 2021/4000,2021,40,0.77
Hälso- Och Sjukvård Samt Socialt Arbete,Stödpedagog,Flera Kommuner,Flera Kommuner,1,200,Kompetensutvecklingsinstitutet Sverige Ab,MYH 2021/3498,2021,40,0.77
Hälso- Och Sjukvård Samt Socialt Arbete,Stödpedagog Inom Funktionshinderområdet,Flera Kommuner,Flera Kommuner,1,200,Tuc Sweden Ab - Yrkeshögskola,MYH 2021/3118,2021,40,0.77
Hälso- Och Sjukvård Samt Socialt Arbete,Stödpedagog Inom Funktionshinderområdet,Gävleborg,Hofors,0,200,Omsorgsförlaget,MYH 2021/3822,2021,40,0.77
Hälso- Och Sjukvård Samt Socialt Arbete,Stödpedagog Inom Funktionshinderområdet,Västerbotten,Umeå,0,200,Hermods Ab Umeå,MYH 2021/2911,2021,40,0.77
Hälso- Och Sjukvård Samt Socialt Arbete,Tandsköterska,Flera Kommuner,Flera Kommuner,1,325,Tuc Sweden Ab - Yrkeshögskola,MYH 2021/3111,2021,65,1.25
Hälso- Och Sjukvård Samt Socialt Arbete,Tandsköterska,Jämtland,Östersund,0,325,Folkuniversitetet – Kursverksamheten Vid Umeå Universitet,MYH 2021/4298,2021,65,1.25
Hälso- Och Sjukvård Samt Socialt Arbete,Tandsköterska,Kalmar,Oskarshamn,0,325,"Oskarshamns Kommun, Nova Utbildning, Fou & Affärsutveckling",MYH 2021/3420,2021,65,1.25
Hälso- Och Sjukvård Samt Socialt Arbete,Tandsköterska,Skåne,Malmö,0,325,Malmö Stad Yrkeshögskolan Malmö,MYH 2021/3773,2021,65,1.25
Hälso- Och Sjukvård Samt Socialt Arbete,Tandsköterska,Stockholm,Stockholm,0,325,Medlearn Ab,MYH 2021/3553,2021,65,1.25
Hälso- Och Sjukvård Samt Socialt Arbete,Tandsköterska,Stockholm,Stockholm,0,325,Tuc Sweden Ab - Yrkeshögskola,MYH 2021/3406,2021,65,1.25
Hälso- Och Sjukvård Samt Socialt Arbete,Tandsköterska,Västernorrland,Sundsvall,0,325,Yrkesakademin Yh Ab,MYH 2021/3342,2021,65,1.25
Hälso- Och Sjukvård Samt Socialt Arbete,Tandsköterska,Västmanland,Västerås,0,325,Medlearn Ab,MYH 2021/3503,2021,65,1.25
Hälso- Och Sjukvård Samt Socialt Arbete,Tandsköterska,Västra Götaland,Göteborg,0,325,"Folktandvården Västra Götalandsregionen, Tandsköterskeutbildningen",MYH 2021/3584,2021,65,1.25
Hälso- Och Sjukvård Samt Socialt Arbete,Tandsköterska,Västra Götaland,Uddevalla,0,325,"Folktandvården Västra Götalandsregionen, Tandsköterskeutbildningen",MYH 2021/3591,2021,65,1.25
Hälso- Och Sjukvård Samt Socialt Arbete,Tandsköterska,Jönköping,Tranås,0,325,Tuc Sweden Ab - Yrkeshögskola,MYH 2021/3112,2021,65,1.25
Hälso- Och Sjukvård Samt Socialt Arbete,"Undersköterska Med Specialistutbildning Inom Anestesi, Operation Och Intensivvård",Skåne,Malmö,0,200,Lernia Utbildning Ab,MYH 2021/4046,2021,40,0.77
Hälso- Och Sjukvård Samt Socialt Arbete,Undersköterska/Stödassistent Med Specialistkompetens Inom Välfärdsteknologi,Flera Kommuner,Flera Kommuner,1,100,"Göteborgs Stad, Yrgo",MYH 2021/3982,2021,20,0.38
Hälso- Och Sjukvård Samt Socialt Arbete,Äldrespecialiserad Undersköterska,Flera Kommuner,Flera Kommuner,1,210,"Göteborgs Stad, Yrgo",MYH 2021/4009,2021,42,0.81
Journalistik Och Information,Teknikinformatör,Stockholm,Solna,0,220,Hermods Ab Stockholm,MYH 2021/3259,2021,44,0.85
Journalistik Och Information,Teknikinformatör,Västra Götaland,Göteborg,0,230,Folkuniversitetet Kursverksamheten Vid Göteborgs Universitet,MYH 2021/4062,2021,46,0.88
Journalistik Och Information,Yrkesfotograf - Fotografi Och Rörlig Bild,Uppsala,Håbo,0,600,Stiftelsen Nordens Biskops-Arnö,MYH 2021/3240,2021,120,2.31
Juridik,Paralegal,Stockholm,Stockholm,0,400,Medborgarskolan I Stockholm - Påhlmans Handelsinstitut,MYH 2021/3622,2021,80,1.54
"Kultur, Media Och Design",Art Director & Copywriter,Västra Götaland,Göteborg,0,400,"Göteborgs Stad, Yrgo",MYH 2021/4194,2021,80,1.54
"Kultur, Media Och Design",Bildbehandlare,Stockholm,Stockholm,0,500,Folkuniversitetet - Kursverksamheten Vid Stockholms Universitet,MYH 2021/4343,2021,100,1.92
"Kultur, Media Och Design",Computer Graphics Design Produktvisualisering,Västra Götaland,Göteborg,0,400,"Göteborgs Stad, Yrgo",MYH 2021/3872,2021,80,1.54
"Kultur, Media Och Design",Design Lead,Stockholm,Stockholm,0,225,Hyper Island Program Ab - Stockholm,MYH 2021/3597,2021,45,0.87
"Kultur, Media Och Design",Digital Content Designer,Skåne,Malmö,0,400,Medieinstitutet I Sverige Ab,MYH 2021/4424,2021,80,1.54
"Kultur, Media Och Design",Digital Designer,Värmland,Sunne,0,410,Sunne Kommun/Brobygrafiska,MYH 2021/3863,2021,82,1.58
"Kultur, Media Och Design",Digital Innehållsproducent,Östergötland,Linköping,0,400,Tuc Sweden Ab - Yrkeshögskola,MYH 2021/3606,2021,80,1.54
"Kultur, Media Och Design",Filmarbetare / Freelance Filmworker,Stockholm,Stockholm,0,330,Newton Kompetensutveckling Ab,MYH 2021/3228,2021,66,1.27
"Kultur, Media Och Design",Filmarbetare I Samordnande Teamfunktioner,Västra Götaland,Trollhättan,0,400,"Kunskapsförbundet Väst, Vuxenutbildningen",MYH 2021/4307,2021,80,1.54
"Kultur, Media Och Design",Futuregames Game Artist,Värmland,Karlstad,0,470,Changemaker Educations Ab,MYH 2021/4286,2021,94,1.81
"Kultur, Media Och Design",Förpackningsdesigner,Värmland,Sunne,0,400,Sunne Kommun/Brobygrafiska,MYH 2021/3930,2021,80,1.54
"Kultur, Media Och Design",Immersive Experience Creator,Flera Kommuner,Flera Kommuner,1,300,Changemaker Educations Ab,MYH 2021/4436,2021,60,1.15
"Kultur, Media Och Design",Internationell Designer Inom Textil/Mode/Funktion,Västra Götaland,Borås,0,400,Stiftelsen Proteko - Nordiska Textilakademin,MYH 2021/4253,2021,80,1.54
"Kultur, Media Och Design",Kommersiell Fotograf,Stockholm,Stockholm,0,500,Folkuniversitetet - Kursverksamheten Vid Stockholms Universitet,MYH 2021/4407,2021,100,1.92
"Kultur, Media Och Design",Kulturverkstan - Internationell Kulturprojektledare,Västra Götaland,Göteborg,0,400,Nätverkstan Kultur Ab,MYH 2021/3590,2021,80,1.54
"Kultur, Media Och Design",Leveldesigner,Skåne,Malmö,0,550,Tga Utbildning Ab,MYH 2021/3356,2021,110,2.12
"Kultur, Media Och Design",Ljud & Musikproducent,Stockholm,Stockholm,0,400,Audio Production Academy Ab,MYH 2021/3480,2021,80,1.54
"Kultur, Media Och Design",Ljud Och Musikproducent,Jönköping,Jönköping,0,400,Jönköpings Kommun,MYH 2021/3721,2021,80,1.54
"Kultur, Media Och Design",Motion Designer,Blekinge,Karlskrona,0,545,Hyper Island Program Ab - Karlskrona,MYH 2021/3605,2021,109,2.1
"Kultur, Media Och Design",Online Video Producer,Stockholm,Stockholm,0,320,Medieinstitutet I Sverige Ab,MYH 2021/4422,2021,64,1.23
"Kultur, Media Och Design",Produktionsledare Film Och Tv-Produktion,Stockholm,Stockholm,0,400,"Stockholms Stad, Frans Schartaus Handelsinstitut",MYH 2021/4121,2021,80,1.54
"Kultur, Media Och Design",Professional Video Editor,Stockholm,Stockholm,0,325,Medieinstitutet I Sverige Ab,MYH 2021/4408,2021,65,1.25
"Kultur, Media Och Design",Spelgrafiker,Skåne,Malmö,0,550,Tga Utbildning Ab,MYH 2021/3358,2021,110,2.12
"Kultur, Media Och Design",Technical Artist,Skåne,Malmö,0,300,Tga Utbildning Ab,MYH 2021/3363,2021,60,1.15
"Kultur, Media Och Design",Tv-Produktionsspecialist,Stockholm,Stockholm,0,450,Medieinstitutet I Sverige Ab,MYH 2021/4409,2021,90,1.73
"Kultur, Media Och Design",Varmsmed Gesäll,Västernorrland,Kramfors,0,700,Järnakademien Ångermanland,MYH 2021/3449,2021,140,2.69
"Kultur, Media Och Design",Vfx-Artist: 3D-Visualisering Och Digital Compositing,Västerbotten,Skellefteå,0,500,Skellefteå Kommun Vuxenutbildningen,MYH 2021/3372,2021,100,1.92
"Lantbruk, Djurvård, Trädgård, Skog Och Fiske",Arbetsledare – Hållbar Grönyteförvaltning,Skåne,Ängelholm,0,300,Yrkesakademin Yh Ab,MYH 2021/3507,2021,60,1.15
"Lantbruk, Djurvård, Trädgård, Skog Och Fiske",Driftledare Inom Gröna Näringar,Skåne,Malmö,0,250,Folkuniversitetet - Kursverksamheten Vid Lunds Universitet,MYH 2021/3884,2021,50,0.96
"Lantbruk, Djurvård, Trädgård, Skog Och Fiske",Driftledare Lantbruk,Skåne,Kristianstad,0,215,Hushållningssällskapets Kompetensutveckling I Syd Ab ( Huskab),MYH 2021/3633,2021,43,0.83
"Lantbruk, Djurvård, Trädgård, Skog Och Fiske",Equiterapeut,Södermanland,Nyköping,0,600,Campus Nyköping,MYH 2021/3724,2021,120,2.31
"Lantbruk, Djurvård, Trädgård, Skog Och Fiske",Green Urban Developer,Flera Kommuner,Flera Kommuner,1,210,Hermods Ab Stockholm,MYH 2021/3083,2021,42,0.81
"Lantbruk, Djurvård, Trädgård, Skog Och Fiske",Hovslagare,Stockholm,Sigtuna,0,600,Jensen Education School Ab,MYH 2021/4440,2021,120,2.31
"Lantbruk, Djurvård, Trädgård, Skog Och Fiske",Kuskutbildningen I Brukshästkörning,Jämtland,Krokom,0,200,Wången Ab,MYH 2021/3468,2021,40,0.77
"Lantbruk, Djurvård, Trädgård, Skog Och Fiske",Ridlärare,Blekinge,Olofström,0,220,"Olofströms Kommun, Yrkeshögskolan Syd",MYH 2021/3882,2021,44,0.85
"Lantbruk, Djurvård, Trädgård, Skog Och Fiske",Skogsplantodlare,Västra Götaland,Svenljunga,0,200,"Västra Götalands Läns Landsting, Biologiska Yrkeshögskolan I Skara - Bys",MYH 2021/3732,2021,40,0.77
"Lantbruk, Djurvård, Trädgård, Skog Och Fiske",Trädgårdsmästare,Uppsala,Enköping,0,400,"Enköpings Kommun, Yrkeshögskolan I Enköping",MYH 2021/3990,2021,80,1.54
"Lantbruk, Djurvård, Trädgård, Skog Och Fiske","Trädgårdsmästare - Odling, Innovation Och Företagande",Södermanland,Nyköping,0,380,Campus Nyköping,MYH 2021/3615,2021,76,1.46
Pedagogik Och Undervisning,Lärarassistent Med Specialisering Inom Inkludering,Örebro,Örebro,0,300,Lernia Utbildning Ab,MYH 2021/4184,2021,60,1.15
Pedagogik Och Undervisning,Skolhundspedagog/Resurspedagog - Hundunderstödd Pedagogik,Västmanland,Hallstahammar,0,200,Sociala Tjänstehundar I Sverige Ab/Svenska Terapihundskolan,MYH 2021/3883,2021,40,0.77
Pedagogik Och Undervisning,Specialistbarnskötare Funktionsvariationer/Språkutveckling,Stockholm,Stockholm,0,200,Kompetensutvecklingsinstitutet Sverige Ab,MYH 2021/3327,2021,40,0.77
Pedagogik Och Undervisning,Trafiklärare,Flera Kommuner,Flera Kommuner,1,300,"Klippans Kommun, Vuxenutbildning",MYH 2021/4354,2021,60,1.15
Pedagogik Och Undervisning,Trafiklärare,Skåne,Helsingborg,0,300,Utbildarna I Helsingborg Ab,MYH 2021/3475,2021,60,1.15
Pedagogik Och Undervisning,Trafiklärare,Stockholm,Stockholm,0,300,Stockholms Trafiklärarutbildning,MYH 2021/4040,2021,60,1.15
Pedagogik Och Undervisning,Trafiklärare,Dalarna,Borlänge,0,300,Yrkesakademin Yh Ab,MYH 2021/2999,2021,60,1.15
Pedagogik Och Undervisning,Trafiklärarutbildning,Stockholm,Värmdö,0,300,"Värmdö Kommun, Komvux Värmdö",MYH 2021/3334,2021,60,1.15
Samhällsbyggnad Och Byggteknik,Anläggningsingenjör - Infrastruktur,Västra Götaland,Göteborg,0,400,Hermods Ab Göteborg,MYH 2021/3137,2021,80,1.54
Samhällsbyggnad Och Byggteknik,Anläggningsingenjör Hållbart Byggande,Östergötland,Norrköping,0,400,Yrkesakademin Yh Ab,MYH 2021/3366,2021,80,1.54
Samhällsbyggnad Och Byggteknik,Anläggningsingenjör Med Bim-Kompetens,Västra Götaland,Göteborg,0,415,Handelsakademin I Göteborg Ab,MYH 2021/4008,2021,83,1.6
Samhällsbyggnad Och Byggteknik,Arbetsledare Anläggning,Skåne,Hässleholm,0,200,"Hässleholms Kommun, Yrkeshögskolan Syd",MYH 2021/4088,2021,40,0.77
Samhällsbyggnad Och Byggteknik,Betongingenjör,Västra Götaland,Göteborg,0,400,Yrkesakademin Yh Ab,MYH 2021/4043,2021,80,1.54
Samhällsbyggnad Och Byggteknik,Bim-Samordnare,Flera Kommuner,Flera Kommuner,1,400,Yrkesakademin Yh Ab,MYH 2021/3450,2021,80,1.54
Samhällsbyggnad Och Byggteknik,Bygglovshandläggare,Flera Kommuner,Flera Kommuner,1,400,Yrkesakademin Yh Ab,MYH 2021/4051,2021,80,1.54
Samhällsbyggnad Och Byggteknik,Bygglovshandläggare/Byggnadsinspektör,Flera Kommuner,Flera Kommuner,1,400,Lidköpings Kommun Campus Lidköping,MYH 2021/3489,2021,80,1.54
Samhällsbyggnad Och Byggteknik,Byggnadsingenjör - Digitalt Byggande,Norrbotten,Luleå,0,415,Handelsakademin I Göteborg Ab,MYH 2021/3999,2021,83,1.6
Samhällsbyggnad Och Byggteknik,Byggnadsingenjör - Digitalt Byggande,Skåne,Malmö,0,400,Newton Kompetensutveckling Ab,MYH 2021/4205,2021,80,1.54
Samhällsbyggnad Och Byggteknik,Byggnadsingenjör - Digitalt Byggande,Stockholm,Stockholm,0,400,Newton Kompetensutveckling Ab,MYH 2021/4210,2021,80,1.54
Samhällsbyggnad Och Byggteknik,Byggnadsingenjör - Produktion,Stockholm,Solna,0,400,Hermods Ab Stockholm,MYH 2021/3139,2021,80,1.54
Samhällsbyggnad Och Byggteknik,Byggnadsingenjör Bim/Cad,Västra Götaland,Göteborg,0,400,Hermods Ab Göteborg,MYH 2021/2918,2021,80,1.54
Samhällsbyggnad Och Byggteknik,Byggnadsingenjör Digitalt Byggande,Flera Kommuner,Flera Kommuner,1,400,Nackademin Ab,MYH 2021/4196,2021,80,1.54
Samhällsbyggnad Och Byggteknik,Byggproduktionsledare,Skåne,Malmö,0,400,Tekniska Högskolan I Jönköping Ab,MYH 2021/4152,2021,80,1.54
Samhällsbyggnad Och Byggteknik,Byggproduktionsledare,Jönköping,Jönköping,0,400,Tekniska Högskolan I Jönköping Ab,MYH 2021/4153,2021,80,1.54
Samhällsbyggnad Och Byggteknik,Byggproduktionsledare Nybyggnation,Västra Götaland,Göteborg,0,430,Kyh Ab Göteborg,MYH 2021/3688,2021,86,1.65
Samhällsbyggnad Och Byggteknik,Digital Transformationsledare Inom Samhällsbyggnad,Skåne,Malmö,0,320,John Ericsson Institutet,MYH 2021/4394,2021,64,1.23
Samhällsbyggnad Och Byggteknik,Drift- Och Fastighetstekniker,Östergötland,Linköping,0,400,Tuc Sweden Ab - Yrkeshögskola,MYH 2021/3971,2021,80,1.54
Samhällsbyggnad Och Byggteknik,Entreprenadingenjör,Västra Götaland,Göteborg,0,435,Kyh Ab Göteborg,MYH 2021/3710,2021,87,1.67
Samhällsbyggnad Och Byggteknik,Entreprenadingenjör - Bygg Och Anläggning,Skåne,Hässleholm,0,400,"Hässleholms Kommun, Yrkeshögskolan Syd",MYH 2021/4107,2021,80,1.54
Samhällsbyggnad Och Byggteknik,Facility Management,Västra Götaland,Göteborg,0,400,Plushögskolan Ab - Affärshögskolan,MYH 2021/3424,2021,80,1.54
Samhällsbyggnad Och Byggteknik,Fastighetsförvaltare,Stockholm,Botkyrka,0,500,"Botkyrka Kommun, Xenter Botkyrka",MYH 2021/3352,2021,100,1.92
Samhällsbyggnad Och Byggteknik,Fastighetsförvaltare,Västra Götaland,Göteborg,0,500,Newton Kompetensutveckling Ab,MYH 2021/4219,2021,100,1.92
Samhällsbyggnad Och Byggteknik,Fastighetsförvaltare,Östergötland,Linköping,0,500,Tuc Sweden Ab - Yrkeshögskola,MYH 2021/3347,2021,100,1.92
Samhällsbyggnad Och Byggteknik,"Fastighetsingenjör - Drift, Underhåll Och Fastighetsförvaltning",Stockholm,Nacka,0,425,Kyh Ab Stockholm,MYH 2021/3664,2021,85,1.63
Samhällsbyggnad Och Byggteknik,Handläggare På Byggnadsnämnd,Flera Kommuner,Flera Kommuner,1,400,Kyh Ab,MYH 2021/3656,2021,80,1.54
Samhällsbyggnad Och Byggteknik,Handläggare På Byggnadsnämnd,Stockholm,Stockholm,0,400,Kyh Ab,MYH 2021/3727,2021,80,1.54
Samhällsbyggnad Och Byggteknik,Järnvägsingenjör,Stockholm,Solna,0,400,Nackademin Ab,MYH 2021/3775,2021,80,1.54
Samhällsbyggnad Och Byggteknik,Järnvägsprojektör,Halland,Varberg,0,400,Campus Varberg/Varbergs Kommun,MYH 2021/3485,2021,80,1.54
Samhällsbyggnad Och Byggteknik,Järnvägsprojektör (Est),Stockholm,Stockholm,0,415,Stiftelsen Stockholms Tekniska Institut,MYH 2021/4087,2021,83,1.6
Samhällsbyggnad Och Byggteknik,Kulturmålare - Traditionellt Byggnadsmåleri,Västra Götaland,Mariestad,0,200,"Mariestads Kommun, Dacapo Mariestad",MYH 2021/3878,2021,40,0.77
Samhällsbyggnad Och Byggteknik,"Miljö- Och Drifttekniker, Vatten Och Avlopp",Västerbotten,Umeå,0,210,Kunskap & Kompetens I Sverige Ab,MYH 2021/3987,2021,42,0.81
Samhällsbyggnad Och Byggteknik,Miljösamordnare Hållbara Byggnader,Flera Kommuner,Flera Kommuner,1,400,Kyh Ab,MYH 2021/3665,2021,80,1.54
Samhällsbyggnad Och Byggteknik,Mätningsingenjör,Västra Götaland,Göteborg,0,400,Plushögskolan Ab - Teknikhögskolan,MYH 2021/3566,2021,80,1.54
Samhällsbyggnad Och Byggteknik,Mätningsingenjör Bygg Och Anläggning,Skåne,Malmö,0,400,Kyh Ab Malmö,MYH 2021/3652,2021,80,1.54
Samhällsbyggnad Och Byggteknik,Mätningsingenjör Bygg Och Anläggning,Stockholm,Nacka,0,420,Kyh Ab Stockholm,MYH 2021/3704,2021,84,1.62
Samhällsbyggnad Och Byggteknik,Mätningstekniker,Västernorrland,Kramfors,0,415,"Kramfors Kommun, Yrkeshögskolan Höga Kusten",MYH 2021/3797,2021,83,1.6
Samhällsbyggnad Och Byggteknik,Mätningstekniker Specialistkompetens Geodesi,Västerbotten,Umeå,0,425,Hermods Ab Umeå,MYH 2021/2971,2021,85,1.63
Samhällsbyggnad Och Byggteknik,Platschef,Stockholm,Solna,0,200,Nackademin Ab,MYH 2021/4199,2021,40,0.77
Samhällsbyggnad Och Byggteknik,Platschef - Bygg Och Anläggning,Jönköping,Jönköping,0,195,Tekniska Högskolan I Jönköping Ab,MYH 2021/4157,2021,39,0.75
Samhällsbyggnad Och Byggteknik,"Processtekniker Krossning, Asfalt Och Betong",Flera Kommuner,Flera Kommuner,1,325,"Vilhelmina Kommun, Vilhelmina Lärcentrum",MYH 2021/3621,2021,65,1.25
Samhällsbyggnad Och Byggteknik,Projektinköpare/Entreprenadingenjör Bygg Och Anläggning,Stockholm,Stockholm,0,400,Företagsekonomiska Institutet 1888 Ab,MYH 2021/4108,2021,80,1.54
Samhällsbyggnad Och Byggteknik,Projektledare Inom Installationsbranschen,Skåne,Landskrona,0,200,"Landskrona Stad, Yrkeshögskolan Landskrona",MYH 2021/3866,2021,40,0.77
Samhällsbyggnad Och Byggteknik,Projektledare Relining,Skåne,Kristianstad,0,200,Alea Kompetenshöjning Ab,MYH 2021/3927,2021,40,0.77
Samhällsbyggnad Och Byggteknik,Småskalig Virkesförädling: Sågning Och Timmerhantverk,Västra Götaland,Svenljunga,0,200,"Västra Götalands Läns Landsting, Biologiska Yrkeshögskolan I Skara - Bys",MYH 2021/3750,2021,40,0.77
Samhällsbyggnad Och Byggteknik,Teknisk Förvaltare,Västra Götaland,Göteborg,0,500,Fastighetsakademin Sverige Ab,MYH 2021/3252,2021,100,1.92
Samhällsbyggnad Och Byggteknik,Trafikteknik,Örebro,Örebro,0,400,Consensus Sverige Ab,MYH 2021/3733,2021,80,1.54
Samhällsbyggnad Och Byggteknik,Va-Läcksökare,Stockholm,Stockholm,0,225,Alea Kompetenshöjning Ab,MYH 2021/3796,2021,45,0.87
Samhällsbyggnad Och Byggteknik,Va-Projektör,Stockholm,Solna,0,300,Nackademin Ab,MYH 2021/3794,2021,60,1.15
Samhällsbyggnad Och Byggteknik,Vatten Och Miljötekniker,Skåne,Höör,0,400,Alea Kompetenshöjning Ab,MYH 2021/3454,2021,80,1.54
Samhällsbyggnad Och Byggteknik,Vvs-Ingenjör,Örebro,Örebro,0,400,Hermods Ab Örebro,MYH 2021/2939,2021,80,1.54
Säkerhetstjänster,Arbetsmiljöingenjör,Västerbotten,Skellefteå,0,440,Tcc Holding Ab,MYH 2021/4280,2021,88,1.69
Säkerhetstjänster,Arbetsmiljöingenjör,Västra Götaland,Göteborg,0,400,Folkuniversitetet Kursverksamheten Vid Göteborgs Universitet,MYH 2021/4090,2021,80,1.54
Säkerhetstjänster,Beredskaps- Och Säkerhetssamordnare,Västra Götaland,Göteborg,0,200,Svenska Ledargruppen Ab,MYH 2021/4301,2021,40,0.77
Säkerhetstjänster,Informationssäkerhetsspecialist,Västernorrland,Sundsvall,0,200,"Sundsvalls Kommun, Vuxenutbildningen",MYH 2021/3007,2021,40,0.77
Säkerhetstjänster,Kvalificerad Säkerhetsingenjör,Stockholm,Stockholm,0,300,Säkerhetsuniversitetet,MYH 2021/3571,2021,60,1.15
Säkerhetstjänster,Säkerhets- Och Trygghetskoordinator,Västra Götaland,Göteborg,0,300,Företagsuniversitetet Ab,MYH 2021/3487,2021,60,1.15
Teknik Och Tillverkning,3D Cad-Ingenjör,Gävleborg,Bollnäs,0,415,Hälsinglands Utbildningsförbund - Cfl Bollnäs,MYH 2021/3614,2021,83,1.6
Teknik Och Tillverkning,"3D-Tekniker, Additiv Teknik I Metall",Kalmar,Hultsfred,0,400,Östsvenska Yrkeshögskolan Ab,MYH 2021/3743,2021,80,1.54
Teknik Och Tillverkning,Auktoriserad Elinstallatör,Västra Götaland,Trollhättan,0,120,Nercia Utbildning,MYH 2021/3539,2021,24,0.46
Teknik Och Tillverkning,Automations- Och Digitaliseringsingenjör,Flera Kommuner,Flera Kommuner,1,400,"Halmstads Kommun, Vuxenutbildningen",MYH 2021/4313,2021,80,1.54
Teknik Och Tillverkning,Automationsingenjör För Hållbar Industri 4.0,Kalmar,Oskarshamn,0,400,Etec Teknikutbildning Ab,MYH 2021/3405,2021,80,1.54
Teknik Och Tillverkning,Automationsingenjör Inriktning Processteknik,Värmland,Karlstad,0,400,"Karlstads Kommun, Yrkeshögskolan",MYH 2021/4167,2021,80,1.54
Teknik Och Tillverkning,Automationstekniker - Inriktning Drift Och Underhåll Av Digitala Produktionssystem,Västmanland,Västerås,0,400,Lernia Utbildning Ab,MYH 2021/3846,2021,80,1.54
Teknik Och Tillverkning,Bagare Och Konditor,Västmanland,Västerås,0,230,Västerås Stad/Barn- Och Utbildningsförvaltningen/Västerås Yrkeshögskola,MYH 2021/3313,2021,46,0.88
Teknik Och Tillverkning,Bagare Och Konditor,Västra Götaland,Göteborg,0,225,"Göteborgs Stad, Yrgo",MYH 2021/3747,2021,45,0.87
Teknik Och Tillverkning,Bergsskoletekniker – Berg- Och Anläggningsindustri,Värmland,Filipstad,0,400,Bergsskolan Kompetensutveckling Ab,MYH 2021/3568,2021,80,1.54
Teknik Och Tillverkning,Bergsskoletekniker – Metall- Och Verkstadsindustri,Värmland,Filipstad,0,400,Bergsskolan Kompetensutveckling Ab,MYH 2021/3573,2021,80,1.54
Teknik Och Tillverkning,Bryggeritekniker - Öl Och Andra Drycker,Skåne,Kristianstad,0,230,"Kristianstad Kommun, Vuxenutbildningen",MYH 2021/3484,2021,46,0.88
Teknik Och Tillverkning,"Cad-Konstruktör, Mechanical Designer",Västra Götaland,Göteborg,0,400,"Göteborgs Stad, Yrgo",MYH 2021/3944,2021,80,1.54
Teknik Och Tillverkning,Cnc- Och Robottekniker,Skåne,Lund,0,425,Hermods Ab Lund,MYH 2021/2969,2021,85,1.63
Teknik Och Tillverkning,Distributionselektriker,Västerbotten,Umeå,0,200,Movant Ab,MYH 2021/3934,2021,40,0.77
Teknik Och Tillverkning,Drifttekniker - Biogas Och Vattenrening,Halland,Varberg,0,400,Campus Varberg/Varbergs Kommun,MYH 2021/3495,2021,80,1.54
Teknik Och Tillverkning,Drifttekniker Inom Energi Och Processteknik,Östergötland,Norrköping,0,415,Östsvenska Yrkeshögskolan Ab,MYH 2021/3510,2021,83,1.6
Teknik Och Tillverkning,Drifttekniker Kraft & Värme,Västernorrland,Härnösand,0,400,"Härnösands Kommun, Yrkeshögskolan",MYH 2021/4065,2021,80,1.54
Teknik Och Tillverkning,Drifttekniker/Processoperatör,Kalmar,Oskarshamn,0,400,"Oskarshamns Kommun, Nova Utbildning, Fou & Affärsutveckling",MYH 2021/4363,2021,80,1.54
Teknik Och Tillverkning,Elektronikingenjör,Södermanland,Eskilstuna,0,435,Plushögskolan Ab - Teknikhögskolan,MYH 2021/3691,2021,87,1.67
Teknik Och Tillverkning,Elektronikingenjör Autonoma Fordon,Västra Götaland,Göteborg,0,415,"Göteborgs Stad, Yrgo",MYH 2021/3905,2021,83,1.6
Teknik Och Tillverkning,Elkraftsingenjör,Östergötland,Linköping,0,400,Lernia Utbildning Ab,MYH 2021/3529,2021,80,1.54
Teknik Och Tillverkning,Elkraftsingenjör Yh,Västerbotten,Skellefteå,0,400,Plushögskolan Ab - Teknikhögskolan,MYH 2021/3432,2021,80,1.54
Teknik Och Tillverkning,Elnätsspecialist Inom Vindkraftteknik,Västra Götaland,Trollhättan,0,300,Yrkesakademin Yh Ab,MYH 2021/3776,2021,60,1.15
Teknik Och Tillverkning,Elteknikingenjör Med Al,Södermanland,Nyköping,0,255,Insu Ab,MYH 2021/4300,2021,51,0.98
Teknik Och Tillverkning,"Event-, Scen- Och Digital Produktionsteknik",Västra Götaland,Göteborg,0,400,Dans I Göteborg Ab,MYH 2021/3456,2021,80,1.54
Teknik Och Tillverkning,Fiber- Och Nätverkstekniker,Norrbotten,Piteå,0,230,Lernia Utbildning Ab,MYH 2021/3488,2021,46,0.88
Teknik Och Tillverkning,Flygtekniker B1.1,Västmanland,Västerås,0,420,Västerås Stad/Barn- Och Utbildningsförvaltningen/Västerås Yrkeshögskola,MYH 2021/4350,2021,84,1.62
Teknik Och Tillverkning,Flygtekniker Flygplan/Helikopter,Blekinge,Ronneby,0,420,Ronneby Kommun - Utbildningsförvaltningen,MYH 2021/4075,2021,84,1.62
Teknik Och Tillverkning,Industrirörtekniker,Värmland,Karlstad,0,400,"Karlstads Kommun, Yrkeshögskolan",MYH 2021/3893,2021,80,1.54
Teknik Och Tillverkning,Internationell Vindkraftstekniker,Flera Kommuner,Flera Kommuner,1,400,Lernia Utbildning Ab,MYH 2021/3540,2021,80,1.54
Teknik Och Tillverkning,Kvalificerad Bantekniker,Jönköping,Nässjö,0,230,Tcc Holding Ab,MYH 2021/4393,2021,46,0.88
Teknik Och Tillverkning,Kvalificerad Cnc-Tekniker,Kalmar,Emmaboda,0,400,Emmaboda Kommun,MYH 2021/3474,2021,80,1.54
Teknik Och Tillverkning,Kvalificerad Elfordonstekniker,Stockholm,Södertälje,0,310,"Södertälje Kommun, Campus Telge",MYH 2021/4256,2021,62,1.19
Teknik Och Tillverkning,Kyl- Och Värmepumptekniker,Skåne,Helsingborg,0,400,Personal Skills Ps Ab,MYH 2021/4433,2021,80,1.54
Teknik Och Tillverkning,Kyl- Och Värmepumptekniker,Stockholm,Stockholm,0,400,Personal Skills Ps Ab,MYH 2021/4434,2021,80,1.54
Teknik Och Tillverkning,Kyl- Och Värmepumptekniker,Södermanland,Katrineholm,0,305,Insu Ab,MYH 2021/4166,2021,61,1.17
Teknik Och Tillverkning,Logistics Planner,Kronoberg,Växjö,0,415,Nbi I Sverige Ab,MYH 2021/3903,2021,83,1.6
Teknik Och Tillverkning,Marin Serviceingenjör,Västra Götaland,Uddevalla,0,400,"Uddevalla Kommun, Vuxenutbildningen",MYH 2021/3499,2021,80,1.54
Teknik Och Tillverkning,Mathantverkare,Norrbotten,Boden,0,225,Changemaker Educations Ab,MYH 2021/4399,2021,45,0.87
Teknik Och Tillverkning,Modist,Västra Götaland,Göteborg,0,400,Stiftelsen Tillskärarakademin I Göteborg,MYH 2021/4112,2021,80,1.54
Teknik Och Tillverkning,Musikinstrumentmakare,Stockholm,Upplands Väsby,0,600,Folkuniversitetet - Musikinstrumentakademien,MYH 2021/3479,2021,120,2.31
Teknik Och Tillverkning,Möbelrestaurerare,Västra Götaland,Tibro,0,400,Tibro Hantverksakademi,MYH 2021/4045,2021,80,1.54
Teknik Och Tillverkning,Möbeltapetserare,Västra Götaland,Bengtsfors,0,400,Stiftelsen Stenebyskolan,MYH 2021/3160,2021,80,1.54
Teknik Och Tillverkning,Optimering Av Hållbara Energisystem,Stockholm,Stockholm,0,420,Nava Group Ab,MYH 2021/4392,2021,84,1.62
Teknik Och Tillverkning,Processoperatör - Drifttekniker,Norrbotten,Piteå,0,400,Creando Ab,MYH 2021/3219,2021,80,1.54
Teknik Och Tillverkning,Processoperatör Livsmedel,Västra Götaland,Göteborg,0,200,Plushögskolan Ab - Teknikhögskolan,MYH 2021/3162,2021,40,0.77
Teknik Och Tillverkning,Processoperatör Sågverks- Och Pappersindustri,Östergötland,Linköping,0,320,Plushögskolan Ab - Teknikhögskolan,MYH 2021/3236,2021,64,1.23
Teknik Och Tillverkning,Processtekniker - Hållbar Produktion,Flera Kommuner,Flera Kommuner,1,400,Campus Varberg/Varbergs Kommun,MYH 2021/3530,2021,80,1.54
Teknik Och Tillverkning,"Produktions-, E-Handels- Och Lagerlogistik",Jönköping,Jönköping,0,200,Tekniska Högskolan I Jönköping Ab,MYH 2021/4158,2021,40,0.77
Teknik Och Tillverkning,Produktionstekniker Och -Utvecklare Med Inriktning Hållbar Produktion,Stockholm,Södertälje,0,400,"Södertälje Kommun, Campus Telge",MYH 2021/4247,2021,80,1.54
Teknik Och Tillverkning,Produktionstekniker Smart Industri,Västra Götaland,Borås,0,400,Borås Stad - Borås Yrkeshögskola,MYH 2021/4070,2021,80,1.54
Teknik Och Tillverkning,Robot Och Automationsprogrammerare,Södermanland,Eskilstuna,0,300,Yrkesakademin Yh Ab,MYH 2021/3025,2021,60,1.15
Teknik Och Tillverkning,Robot Och Automationsprogrammerare,Västernorrland,Örnsköldsvik,0,300,Yrkesakademin Yh Ab,MYH 2021/3031,2021,60,1.15
Teknik Och Tillverkning,Robot- Och Cnc-Tekniker,Dalarna,Mora,0,200,Mora Kommun,MYH 2021/3847,2021,40,0.77
Teknik Och Tillverkning,Servicetekniker - Industri & Automation,Kronoberg,Ljungby,0,400,Idé & Resurscentrum I Ljungby Ab,MYH 2021/3501,2021,80,1.54
Teknik Och Tillverkning,"Skräddare - Herr, Dam Och Klänning",Västra Götaland,Göteborg,0,600,Stiftelsen Tillskärarakademin I Göteborg,MYH 2021/4116,2021,120,2.31
Teknik Och Tillverkning,Skräddare - Inriktning Dam Och Klänning,Stockholm,Stockholm,0,600,Stockholms Tillskärarakademi,MYH 2021/3966,2021,120,2.31
Teknik Och Tillverkning,Småskalig Affärsmässig Livsmedelsproduktion Med Fokus På Hållbarhet,Kalmar,Västervik,0,200,Hushållningssällskapet Kalmar Kronoberg Blekinge - Gamlebygymnasiet,MYH 2021/3807,2021,40,0.77
Teknik Och Tillverkning,Solenergitekniker,Västmanland,Västerås,0,300,Nercia Utbildning,MYH 2021/4176,2021,60,1.15
Teknik Och Tillverkning,"Specialist, Industriell Mätteknik",Södermanland,Eskilstuna,0,230,Kunskapscompaniet Ankaret Ab,MYH 2021/3886,2021,46,0.88
Teknik Och Tillverkning,Systemingenjör - Hållbar Och Smart Digitaliserad Industri,Kalmar,Kalmar,0,420,Industriellt Utvecklingscentrum I Kalmar Ab,MYH 2021/3473,2021,84,1.62
Teknik Och Tillverkning,Textiltekniker/Processoperatör,Västra Götaland,Borås,0,400,Stiftelsen Proteko - Nordiska Textilakademin,MYH 2021/4251,2021,80,1.54
Teknik Och Tillverkning,Träbildhuggare/Träsnidare/Trähantverkare,Västra Götaland,Tibro,0,400,Tibro Hantverksakademi,MYH 2021/4039,2021,80,1.54
Teknik Och Tillverkning,Tågtekniker,Skåne,Hässleholm,0,300,"Hässleholms Kommun, Yrkeshögskolan Syd",MYH 2021/4134,2021,60,1.15
Teknik Och Tillverkning,Underhållsingenjör,Västmanland,Arboga,0,400,"Arboga Kommun, Vuxenutbildningen",MYH 2021/3681,2021,80,1.54
Teknik Och Tillverkning,Underhållsingenjör – Smart Maintenance,Flera Kommuner,Flera Kommuner,1,400,Hermods Ab Umeå,MYH 2021/2919,2021,80,1.54
Teknik Och Tillverkning,Underhållstekniker,Stockholm,Södertälje,0,400,"Södertälje Kommun, Campus Telge",MYH 2021/4255,2021,80,1.54
Teknik Och Tillverkning,Underhållstekniker Inom Processindustrin,Dalarna,Borlänge,0,420,Borlänge Kommun,MYH 2021/3481,2021,84,1.62
Teknik Och Tillverkning,Verktygsteknik,Jönköping,Värnamo,0,400,Tekniska Högskolan I Jönköping Ab,MYH 2021/4161,2021,80,1.54
Teknik Och Tillverkning,Vindkraftstekniker,Flera Kommuner,Flera Kommuner,1,300,Luco Kb,MYH 2021/3413,2021,60,1.15
Teknik Och Tillverkning,Vindkraftstekniker,Jönköping,Nässjö,0,300,"Nässjö Kommun, Nässjöakademin",MYH 2021/4095,2021,60,1.15
Transporttjänster,Internationell Spedition Med Inriktning Miljölogistik,Västra Götaland,Göteborg,0,400,"Göteborgs Stad, Yrgo",MYH 2021/4028,2021,80,1.54
Transporttjänster,Internationell Speditör,Stockholm,Sigtuna,0,400,"Sigtuna Kommun, Centrum För Vuxenutveckling",MYH 2021/3225,2021,80,1.54
Transporttjänster,Logistik Och Transportledning,Flera Kommuner,Flera Kommuner,1,300,"Göteborgs Stad, Yrgo",MYH 2021/4026,2021,60,1.15
Transporttjänster,Logistiker,Halland,Varberg,0,400,Campus Varberg/Varbergs Kommun,MYH 2021/3513,2021,80,1.54
Transporttjänster,Logistiker- Och Transportledare,Södermanland,Eskilstuna,0,400,Kunskapscompaniet Ankaret Ab,MYH 2021/3771,2021,80,1.54
Transporttjänster,"Logistiker, Arbetsledning Och Flerpartslogistik",Västerbotten,Skellefteå,0,430,Avt Ab,MYH 2021/3843,2021,86,1.65
Transporttjänster,Logistiksamordnare,Västernorrland,Sundsvall,0,400,"Sundsvalls Kommun, Vuxenutbildningen",MYH 2021/3457,2021,80,1.54
Transporttjänster,Lokförare,Stockholm,Stockholm,0,220,Mtr Nordic,MYH 2021/3720,2021,44,0.85
Transporttjänster,Lokförare Mjölby,Östergötland,Mjölby,0,220,Östsvenska Yrkeshögskolan Ab,MYH 2021/3764,2021,44,0.85
Transporttjänster,Lokförare Stockholm,Stockholm,Stockholm,0,220,Östsvenska Yrkeshögskolan Ab,MYH 2021/3766,2021,44,0.85
Transporttjänster,Lokförare Sundsvall,Västernorrland,Sundsvall,0,220,Östsvenska Yrkeshögskolan Ab,MYH 2021/4106,2021,44,0.85
Transporttjänster,Uas-Pilot Inom Kategorin Specifik,Skåne,Klippan,0,150,Folkuniversitetet - Kursverksamheten Vid Lunds Universitet,MYH 2021/4398,2021,30,0.58
Övrigt,Lärlingsutbildning Inom Traditionellt Hantverk,Stockholm,Stockholm,0,400,Hantverksakademin I Sverige Ab,MYH 2021/3396,2021,80,1.54
Data/It,.Net Utvecklare,Gävleborg,Gävle,0,400,Plushögskolan Ab - Teknikhögskolan,MYH 2022/4476,2022,80,1.54
Data/It,Cloud & Ict Engineer,Stockholm,Stockholm,0,400,Lernia Utbildning Ab,MYH 2022/5253,2022,80,1.54
Data/It,Data Engineer,Stockholm,Stockholm,0,400,Stiftelsen Stockholms Tekniska Institut,MYH 2022/4977,2022,80,1.54
Data/It,Data Manager,Stockholm,Stockholm,0,400,Tuc Sweden Ab - Yrkeshögskola,MYH 2022/5462,2022,80,1.54
Data/It,Devops Engineer,Stockholm,Stockholm,0,400,Lernia Utbildning Ab,MYH 2022/5257,2022,80,1.54
Data/It,Experience Designer,Värmland,Karlstad,0,400,Changemaker Educations Ab,MYH 2022/4945,2022,80,1.54
Data/It,"Forsbergs, Spelutvecklare – Game Programming",Stockholm,Stockholm,0,550,Forsbergs Skola,MYH 2022/5426,2022,110,2.12
Data/It,Front End Developer,Västra Götaland,Göteborg,0,400,Medieinstitutet I Sverige Ab,MYH 2022/4752,2022,80,1.54
Data/It,Frontend Developer,Västra Götaland,Göteborg,0,400,Handelsakademin I Göteborg Ab,MYH 2022/4942,2022,80,1.54
Data/It,Frontendutvecklare,Västmanland,Västerås,0,400,Ec Utbildning Ab Västerås,MYH 2022/4826,2022,80,1.54
Data/It,Fullstack Developer,Västra Götaland,Göteborg,0,400,Medieinstitutet I Sverige Ab,MYH 2022/4757,2022,80,1.54
Data/It,Fullstack-Utvecklare,Stockholm,Stockholm,0,400,Företagsuniversitetet Ab,MYH 2022/5052,2022,80,1.54
Data/It,Fullstackutvecklare Javascript,Flera Kommuner,Flera Kommuner,1,430,Chas Academy Ab,MYH 2022/5464,2022,86,1.65
Data/It,Futuregames Game Programmer,Skåne,Malmö,0,550,Changemaker Educations Ab,MYH 2022/5136,2022,110,2.12
Data/It,Futuregames Game Programmer,Stockholm,Stockholm,0,550,Changemaker Educations Ab,MYH 2022/5076,2022,110,2.12
Data/It,Game Creator Programmer,Västra Götaland,Göteborg,0,430,"Göteborgs Stad, Yrgo",MYH 2022/5182,2022,86,1.65
Data/It,It-Projektledare,Jönköping,Jönköping,0,220,Tuc Sweden Ab - Yrkeshögskola,MYH 2022/4586,2022,44,0.85
Data/It,It-Projektledare,Västra Götaland,Mölndal,0,320,Campus Mölndal,MYH 2022/4974,2022,64,1.23
Data/It,It-Säkerhetsanalytiker Soc,Flera Kommuner,Flera Kommuner,1,410,Kyh Ab,MYH 2022/4688,2022,82,1.58
Data/It,It-Säkerhetstekniker,Östergötland,Linköping,0,410,Tuc Sweden Ab - Yrkeshögskola,MYH 2022/4047,2022,82,1.58
Data/It,It-Säkerhetstestare,Stockholm,Stockholm,0,400,It-Högskolan Stockholm Ab,MYH 2022/5522,2022,80,1.54
Data/It,Javautvecklare,Jönköping,Värnamo,0,400,Tekniska Högskolan I Jönköping Ab,MYH 2022/4996,2022,80,1.54
Data/It,Javautvecklare,Stockholm,Solna,0,400,Nackademin Ab,MYH 2022/4423,2022,80,1.54
Data/It,Javautvecklare,Västra Götaland,Göteborg,0,400,It-Högskolan Sverige Ab,MYH 2022/5446,2022,80,1.54
Data/It,Mjukvarutestare,Skåne,Malmö,0,400,Ec Utbildning Ab Malmö,MYH 2022/4533,2022,80,1.54
Data/It,Mjukvarutestare Med Testautomation,Västra Götaland,Göteborg,0,320,It-Högskolan Sverige Ab,MYH 2022/5412,2022,64,1.23
Data/It,"Mjukvaruutvecklare, Inbyggda System Och Iot",Stockholm,Solna,0,400,Nackademin Ab,MYH 2022/4575,2022,80,1.54
Data/It,Moln- Och Virtualiseringstekniker,Flera Kommuner,Flera Kommuner,1,400,Folkuniversitetet - Stiftelsen Kursverksamheten Vid Uppsala Universitetet,MYH 2022/5308,2022,80,1.54
Data/It,Programmerare Iphone Och Android,Skåne,Malmö,0,280,Sveriges Yrkeshögskola Ab - Malmö Yrkeshögskola,MYH 2022/5496,2022,56,1.08
Data/It,Programutvecklare .Net,Stockholm,Solna,0,400,Nackademin Ab,MYH 2022/4435,2022,80,1.54
Data/It,Systemutvecklare .Net,Stockholm,Stockholm,0,400,Newton Kompetensutveckling Ab,MYH 2022/5125,2022,80,1.54
Data/It,Systemutvecklare C/C++,Flera Kommuner,Flera Kommuner,1,430,Chas Academy Ab,MYH 2022/5459,2022,86,1.65
Data/It,Systemutvecklare Devsecops,Flera Kommuner,Flera Kommuner,1,400,Kyh Ab,MYH 2022/4686,2022,80,1.54
Data/It,Technical Operations Specialist,Skåne,Malmö,0,300,Ec Utbildning Ab Malmö,MYH 2022/5050,2022,60,1.15
Data/It,Technical Operations Specialist,Stockholm,Stockholm,0,300,Ec Utbildning Ab Stockholm,MYH 2022/4633,2022,60,1.15
Data/It,Utvecklare Inom Ai Och Maskininlärning,Stockholm,Stockholm,0,400,It-Högskolan Stockholm Ab,MYH 2022/5516,2022,80,1.54
Data/It,Ux-Designer,Stockholm,Solna,0,400,Nackademin Ab,MYH 2022/4438,2022,80,1.54
Data/It,Ux-Designer,Västra Götaland,Göteborg,0,400,It-Högskolan Sverige Ab,MYH 2022/5377,2022,80,1.54
Data/It,Webbutvecklare .Net,Stockholm,Solna,0,400,Nackademin Ab,MYH 2022/4436,2022,80,1.54
Data/It,Webbutvecklare Inom .Net,Skåne,Helsingborg,0,400,Ec Utbildning Ab Helsingborg,MYH 2022/4541,2022,80,1.54
Data/It,Webbutvecklare Inom E-Handel,Stockholm,Stockholm,0,410,Medieinstitutet I Sverige Ab,MYH 2022/4923,2022,82,1.58
"Ekonomi, Administration Och Försäljning",Account Manager B2B,Stockholm,Stockholm,0,400,Ihm Business School Ab Stockholm,MYH 2022/4507,2022,80,1.54
"Ekonomi, Administration Och Försäljning",Account Manager Digital Solutions,Skåne,Malmö,0,400,Ihm Business School Ab Malmö,MYH 2022/4431,2022,80,1.54
"Ekonomi, Administration Och Försäljning",Account Manager Digital Solutions,Västra Götaland,Göteborg,0,400,Ihm Business School Ab Göteborg,MYH 2022/4501,2022,80,1.54
"Ekonomi, Administration Och Försäljning",Account Manager It Sales,Västra Götaland,Göteborg,0,400,Sälj & Marknadshögskolan I Sverige Ab,MYH 2022/4250,2022,80,1.54
"Ekonomi, Administration Och Försäljning",Affärsinriktad Redovisningsekonom,Jönköping,Jönköping,0,425,Plushögskolan Ab - Affärshögskolan,MYH 2022/4473,2022,85,1.63
"Ekonomi, Administration Och Försäljning",Affärsinriktad Redovisningsekonom,Västra Götaland,Göteborg,0,425,Plushögskolan Ab - Affärshögskolan,MYH 2022/4546,2022,85,1.63
"Ekonomi, Administration Och Försäljning",Affärsinriktad Redovisningsekonom,Östergötland,Linköping,0,425,Plushögskolan Ab - Affärshögskolan,MYH 2022/4429,2022,85,1.63
"Ekonomi, Administration Och Försäljning",Affärsinriktad Redovisningsekonom,Flera Kommuner,Flera Kommuner,1,425,Plushögskolan Ab - Affärshögskolan,MYH 2022/4428,2022,85,1.63
"Ekonomi, Administration Och Försäljning",B2B-Säljare,Skåne,Malmö,0,400,Grit Academy,MYH 2022/4961,2022,80,1.54
"Ekonomi, Administration Och Försäljning",Butiksledare,Stockholm,Stockholm,0,230,Stockholm School Of Business,MYH 2022/4972,2022,46,0.88
"Ekonomi, Administration Och Försäljning",Digital Analytics Specialist,Skåne,Malmö,0,415,Ihm Business School Ab Malmö,MYH 2022/4511,2022,83,1.6
"Ekonomi, Administration Och Försäljning",Digital Analytics Specialist,Stockholm,Stockholm,0,415,Ihm Business School Ab Stockholm,MYH 2022/4437,2022,83,1.6
"Ekonomi, Administration Och Försäljning",Digital Analytics Specialist,Västra Götaland,Göteborg,0,415,Ihm Business School Ab Göteborg,MYH 2022/5041,2022,83,1.6
"Ekonomi, Administration Och Försäljning",Digital Creative,Stockholm,Stockholm,0,450,Hyper Island Program Ab - Stockholm,MYH 2022/4803,2022,90,1.73
"Ekonomi, Administration Och Försäljning",Digital Marketing Specialist,Stockholm,Stockholm,0,400,Ihm Business School Ab Stockholm,MYH 2022/4508,2022,80,1.54
"Ekonomi, Administration Och Försäljning",Digital Marketing Specialist,Flera Kommuner,Flera Kommuner,1,400,Ihm Business School Ab Stockholm,MYH 2022/4506,2022,80,1.54
"Ekonomi, Administration Och Försäljning",Digital Marknadsförare,Västra Götaland,Göteborg,0,400,Sälj & Marknadshögskolan I Sverige Ab,MYH 2022/4035,2022,80,1.54
"Ekonomi, Administration Och Försäljning",Digital Marknadskommunikatör,Östergötland,Linköping,0,410,Plushögskolan Ab - Affärshögskolan Öst,MYH 2022/5189,2022,82,1.58
"Ekonomi, Administration Och Försäljning",E-Commerce Logistiker,Skåne,Malmö,0,400,Ihm Business School Ab Malmö,MYH 2022/4443,2022,80,1.54
"Ekonomi, Administration Och Försäljning",Ekonomi- Och Redovisningskonsult,Skåne,Malmö,0,400,Ihm Business School Ab Malmö,MYH 2022/4270,2022,80,1.54
"Ekonomi, Administration Och Försäljning",Ekonomi- Och Redovisningskonsult,Västra Götaland,Göteborg,0,400,Ihm Business School Ab Göteborg,MYH 2022/4271,2022,80,1.54
"Ekonomi, Administration Och Försäljning",Företagssäljare B2B,Jönköping,Tranås,0,400,Tuc Sweden Ab - Yrkeshögskola,MYH 2022/4470,2022,80,1.54
"Ekonomi, Administration Och Försäljning",Försäkringsrådgivare,Skåne,Malmö,0,400,Stockholm School Of Business,MYH 2022/5112,2022,80,1.54
"Ekonomi, Administration Och Försäljning",Försäkringsrådgivare/Skadereglerare/Riskbedömare,Stockholm,Stockholm,0,400,Företagsekonomiska Institutet 1888 Ab,MYH 2022/5486,2022,80,1.54
"Ekonomi, Administration Och Försäljning",Green Logistics Management,Jönköping,Jönköping,0,420,Plushögskolan Ab - Teknikhögskolan,MYH 2022/4496,2022,84,1.62
"Ekonomi, Administration Och Försäljning",Hållbarhetsspecialist,Stockholm,Stockholm,0,400,Stockholms Internationella Handelsskola Ab,MYH 2022/4645,2022,80,1.54
"Ekonomi, Administration Och Försäljning",Hållbarhetsutvecklare,Västra Götaland,Göteborg,0,400,"Göteborgs Stad, Yrgo",MYH 2022/5248,2022,80,1.54
"Ekonomi, Administration Och Försäljning",Inköp & Supply Management,Skåne,Malmö,0,425,Nbi,MYH 2022/4857,2022,85,1.63
"Ekonomi, Administration Och Försäljning",International Account Manager,Västra Götaland,Göteborg,0,400,Ihm Business School Ab Göteborg,MYH 2022/4269,2022,80,1.54
"Ekonomi, Administration Och Försäljning",Internationell Affärslogistiker - Green Management,Västra Götaland,Göteborg,0,400,Hermods Ab Göteborg,MYH 2022/4427,2022,80,1.54
"Ekonomi, Administration Och Försäljning",Internationell Transportlogistiker,Skåne,Malmö,0,400,Hermods Ab Malmö,MYH 2022/4425,2022,80,1.54
"Ekonomi, Administration Och Försäljning",Kommunikativ Redovisningsekonom,Stockholm,Stockholm,0,420,Näringslivsakademin,MYH 2022/5380,2022,84,1.62
"Ekonomi, Administration Och Försäljning",Kvalificerat Inköp Och Upphandling,Östergötland,Norrköping,0,400,Östsvenska Yrkeshögskolan Ab,MYH 2022/4768,2022,80,1.54
"Ekonomi, Administration Och Försäljning",Logistiker,Stockholm,Stockholm,0,415,Tuc Sweden Ab - Yrkeshögskola,MYH 2022/4527,2022,83,1.6
"Ekonomi, Administration Och Försäljning",Logistiker Med Hållbarhetskompetens,Gävleborg,Gävle,0,430,Avt Ab,MYH 2022/5172,2022,86,1.65
"Ekonomi, Administration Och Försäljning",Logistiker Med Hållbarhetskompetens,Örebro,Örebro,0,430,Avt Ab,MYH 2022/5177,2022,86,1.65
"Ekonomi, Administration Och Försäljning",Lönekonsult,Västmanland,Västerås,0,335,Västerås Stad/Barn- Och Utbildningsförvaltningen/Västerås Yrkeshögskola,MYH 2022/4939,2022,67,1.29
"Ekonomi, Administration Och Försäljning",Lönekonsult Med Systeminriktning,Flera Kommuner,Flera Kommuner,1,335,Montico Kompetensutveckling Ab,MYH 2022/5027,2022,67,1.29
"Ekonomi, Administration Och Försäljning",Lönespecialist,Jämtland,Östersund,0,300,Iterum Education Ab,MYH 2022/4868,2022,60,1.15
"Ekonomi, Administration Och Försäljning",Lönespecialist,Västra Götaland,Härryda,0,300,"Härryda Kommun, Yrkeshögskolan I Mölnlycke",MYH 2022/4594,2022,60,1.15
"Ekonomi, Administration Och Försäljning",Marknadskommunikatör - Digitala Medier,Flera Kommuner,Flera Kommuner,1,320,Ihm Business School Ab Malmö,MYH 2022/4345,2022,64,1.23
"Ekonomi, Administration Och Försäljning",Marknadskoordinator,Stockholm,Stockholm,0,320,Medieinstitutet I Sverige Ab,MYH 2022/4756,2022,64,1.23
"Ekonomi, Administration Och Försäljning",Medicinsk Vårdadministratör,Jönköping,Jönköping,0,400,Internationella Handelshögskolan I Jönköping Aktiebolag (Ihh),MYH 2022/4424,2022,80,1.54
"Ekonomi, Administration Och Försäljning",Medicinsk Vårdadministratör,Kronoberg,Växjö,0,400,"Region Kronoberg, Yh Region Kronoberg",MYH 2022/4875,2022,80,1.54
"Ekonomi, Administration Och Försäljning",Medicinsk Vårdadministratör,Skåne,Malmö,0,400,Lernia Utbildning Ab,MYH 2022/4714,2022,80,1.54
"Ekonomi, Administration Och Försäljning",Medicinsk Vårdadministratör,Uppsala,Uppsala,0,400,Folkuniversitetet - Stiftelsen Kursverksamheten Vid Uppsala Universitetet,MYH 2022/5312,2022,80,1.54
"Ekonomi, Administration Och Försäljning",Medicinsk Vårdadministratör,Västra Götaland,Borås,0,400,Borås Stad - Yrkeshögskolan I Borås,MYH 2022/5200,2022,80,1.54
"Ekonomi, Administration Och Försäljning",Medicinsk Vårdadministratör,Flera Kommuner,Flera Kommuner,1,400,Plushögskolan Ab - Vårdyrkeshögskolan,MYH 2022/4433,2022,80,1.54
"Ekonomi, Administration Och Försäljning",Medicinsk Vårdadministratör,Flera Kommuner,Flera Kommuner,1,400,Campus Nyköping,MYH 2022/4743,2022,80,1.54
"Ekonomi, Administration Och Försäljning",Music Business Developer,Stockholm,Stockholm,0,380,Dmg Education,MYH 2022/4940,2022,76,1.46
"Ekonomi, Administration Och Försäljning",Onlinemarknadsförare,Stockholm,Stockholm,0,320,Medieinstitutet I Sverige Ab,MYH 2022/5338,2022,64,1.23
"Ekonomi, Administration Och Försäljning",Onlinemarknadsförare Mmö,Skåne,Malmö,0,320,Medieinstitutet I Sverige Ab,MYH 2022/5533,2022,64,1.23
"Ekonomi, Administration Och Försäljning",Optikerassistent,Skåne,Helsingborg,0,200,Tuc Sweden Ab - Yrkeshögskola,MYH 2022/4705,2022,40,0.77
"Ekonomi, Administration Och Försäljning",Optikerassistent Med Specialisering Inom Ögonhälsa,Uppsala,Uppsala,0,200,Folkuniversitetet - Stiftelsen Kursverksamheten Vid Uppsala Universitetet,MYH 2022/5098,2022,40,0.77
"Ekonomi, Administration Och Försäljning",Payroll Controller,Västra Götaland,Uddevalla,0,430,Plushögskolan Ab - Affärshögskolan Väst,MYH 2022/4967,2022,86,1.65
"Ekonomi, Administration Och Försäljning",Public Bid Manager,Flera Kommuner,Flera Kommuner,1,400,Ihm Business School Ab Göteborg,MYH 2022/4960,2022,80,1.54
"Ekonomi, Administration Och Försäljning",Redovisningsekonom,Jämtland,Östersund,0,415,Hermods Ab Östersund,MYH 2022/4330,2022,83,1.6
"Ekonomi, Administration Och Försäljning",Redovisningsekonom,Stockholm,Stockholm,0,400,Iterum Education Ab,MYH 2022/4888,2022,80,1.54
"Ekonomi, Administration Och Försäljning",Redovisningsekonom,Västerbotten,Skellefteå,0,430,Tuc Sweden Ab - Yrkeshögskola,MYH 2022/4201,2022,86,1.65
"Ekonomi, Administration Och Försäljning",Redovisningsekonom,Västernorrland,Sundsvall,0,425,"Sundsvalls Kommun, Vuxenutbildningen",MYH 2022/5283,2022,85,1.63
"Ekonomi, Administration Och Försäljning",Redovisningskonsult,Stockholm,Stockholm,0,410,Stockholm School Of Business,MYH 2022/4795,2022,82,1.58
"Ekonomi, Administration Och Försäljning",Redovisningskonsult,Stockholm,Stockholm,0,400,"Stockholms Stad, Frans Schartaus Handelsinstitut",MYH 2022/4921,2022,80,1.54
"Ekonomi, Administration Och Försäljning",Rekryterare,Östergötland,Linköping,0,400,Folkuniversitetet - Kursverksamheten Vid Stockholms Universitet,MYH 2022/4808,2022,80,1.54
"Ekonomi, Administration Och Försäljning",Rekryterings- Och Bemanningsspecialist,Flera Kommuner,Flera Kommuner,1,340,Tuc Sweden Ab - Yrkeshögskola,MYH 2022/4258,2022,68,1.31
"Ekonomi, Administration Och Försäljning",Säljare B2B,Stockholm,Stockholm,0,400,Stockholm School Of Business,MYH 2022/4793,2022,80,1.54
"Ekonomi, Administration Och Försäljning",Säljare B2B,Västra Götaland,Göteborg,0,400,Stockholm School Of Business,MYH 2022/4791,2022,80,1.54
"Ekonomi, Administration Och Försäljning",Säljare B2B/Account Manager,Flera Kommuner,Flera Kommuner,1,400,Handelsakademin I Göteborg Ab,MYH 2022/4922,2022,80,1.54
"Ekonomi, Administration Och Försäljning",Technical Sales Manager,Jönköping,Jönköping,0,400,Tuc Sweden Ab - Yrkeshögskola,MYH 2022/4340,2022,80,1.54
"Ekonomi, Administration Och Försäljning","Transportledare, Grön Logistik",Västra Götaland,Uddevalla,0,415,Plushögskolan Ab - Teknikhögskolan,MYH 2022/4497,2022,83,1.6
"Ekonomi, Administration Och Försäljning",Tullspecialist,Skåne,Malmö,0,400,Stockholms Internationella Handelsskola I Malmö Ab,MYH 2022/5277,2022,80,1.54
"Ekonomi, Administration Och Försäljning",Visual Merchandiser,Stockholm,Stockholm,0,300,Stockholm School Of Business,MYH 2022/4798,2022,60,1.15
"Ekonomi, Administration Och Försäljning",Visual Merchandiser - Unified Commerce,Skåne,Malmö,0,400,Ihm Business School Ab Malmö,MYH 2022/4736,2022,80,1.54
Friskvård Och Kroppsvård,Hud- Och Spaterapeut,Skåne,Landskrona,0,300,"Landskrona Stad, Yrkeshögskolan Landskrona",MYH 2022/4981,2022,60,1.15
Friskvård Och Kroppsvård,Hud- Och Spaterapeut,Västra Götaland,Göteborg,0,300,Yrkeshögskolan För Hudvård & Spa Ab,MYH 2022/4779,2022,60,1.15
"Hotell, Restaurang Och Turism",Affärsutvecklare Besöksnäring,Flera Kommuner,Flera Kommuner,1,400,Yrkesakademin Yh Ab,MYH 2022/4822,2022,80,1.54
"Hotell, Restaurang Och Turism",Arctic Hospitality Leader,Norrbotten,Boden,0,300,Changemaker Educations Ab,MYH 2022/5185,2022,60,1.15
"Hotell, Restaurang Och Turism",Event Manager,Stockholm,Stockholm,0,400,Företagsekonomiska Institutet 1888 Ab,MYH 2022/5417,2022,80,1.54
"Hotell, Restaurang Och Turism",Event Marketing & Management,Västra Götaland,Göteborg,0,400,"Göteborgs Stad, Yrgo",MYH 2022/4900,2022,80,1.54
"Hotell, Restaurang Och Turism",Eventkoordinator,Skåne,Landskrona,0,400,"Landskrona Stad, Yrkeshögskolan Landskrona",MYH 2022/4759,2022,80,1.54
"Hotell, Restaurang Och Turism",Fiske- Och Jaktguide,Värmland,Forshaga,0,400,Forshagaakademin Ab,MYH 2022/4339,2022,80,1.54
"Hotell, Restaurang Och Turism",Food & Beverage Manager,Flera Kommuner,Flera Kommuner,1,300,Företagsekonomiska Institutet 1888 Ab,MYH 2022/5524,2022,60,1.15
"Hotell, Restaurang Och Turism",Gastronomiledare - Framtidens Mat Och Protein,Flera Kommuner,Flera Kommuner,1,200,Yrkesakademin Yh Ab,MYH 2022/5211,2022,40,0.77
"Hotell, Restaurang Och Turism",Hospitality Management,Västra Götaland,Göteborg,0,400,"Göteborgs Stad, Yrgo",MYH 2022/4833,2022,80,1.54
"Hotell, Restaurang Och Turism",Hotel & Restaurant Manager,Flera Kommuner,Flera Kommuner,1,375,Tuc Sweden Ab - Yrkeshögskola,MYH 2022/5088,2022,75,1.44
"Hotell, Restaurang Och Turism",Hotel Supervisor,Flera Kommuner,Flera Kommuner,1,225,Yrkesakademin Yh Ab,MYH 2022/5046,2022,45,0.87
"Hotell, Restaurang Och Turism",Konceptutveckling - Event Och Besöksnäring,Flera Kommuner,Flera Kommuner,1,400,Ihm Business School Ab Malmö,MYH 2022/4275,2022,80,1.54
"Hotell, Restaurang Och Turism",Management Inom Hotell Och Besöksnäring,Stockholm,Stockholm,0,300,Tec Travel Education Centre Ab,MYH 2022/5207,2022,60,1.15
"Hotell, Restaurang Och Turism",Sommelier,Västra Götaland,Göteborg,0,200,"Göteborgs Stad, Yrgo",MYH 2022/5249,2022,40,0.77
"Hotell, Restaurang Och Turism",Trac Turism- Och Resekonsult,Flera Kommuner,Flera Kommuner,1,400,Yrkesakademin Yh Ab,MYH 2022/4794,2022,80,1.54
"Hotell, Restaurang Och Turism",Vildmark & Äventyrsguide,Jämtland,Åre,0,300,Campus Åre/Åre Kommun,MYH 2022/5007,2022,60,1.15
Hälso- Och Sjukvård Samt Socialt Arbete,Aktiveringspedagog Inom Lss,Västra Götaland,Mölndal,0,300,Campus Mölndal,MYH 2022/4964,2022,60,1.15
Hälso- Och Sjukvård Samt Socialt Arbete,Ambulanssjukvårdare,Stockholm,Södertälje,0,200,Lernia Utbildning Ab,MYH 2022/4700,2022,40,0.77
Hälso- Och Sjukvård Samt Socialt Arbete,Behandlingspedagog,Jönköping,Jönköping,0,420,Tuc Sweden Ab - Yrkeshögskola,MYH 2022/4790,2022,84,1.62
Hälso- Och Sjukvård Samt Socialt Arbete,Behandlingspedagog,Västra Götaland,Lidköping,0,420,Tuc Sweden Ab - Yrkeshögskola,MYH 2022/4356,2022,84,1.62
Hälso- Och Sjukvård Samt Socialt Arbete,Instrument- Och Steriltekniker,Skåne,Kristianstad,0,315,Yrkesakademin Yh Ab,MYH 2022/4000,2022,63,1.21
Hälso- Och Sjukvård Samt Socialt Arbete,Instrument- Och Steriltekniker,Flera Kommuner,Flera Kommuner,1,315,Hermods Ab Örebro,MYH 2022/4020,2022,63,1.21
Hälso- Och Sjukvård Samt Socialt Arbete,Medicinsk Fotterapeut,Jönköping,Tranås,0,300,Tuc Sweden Ab - Yrkeshögskola,MYH 2022/4049,2022,60,1.15
Hälso- Och Sjukvård Samt Socialt Arbete,Medicinsk Fotterapeut,Västernorrland,Örnsköldsvik,0,300,Kunskap & Kompetens I Sverige Ab,MYH 2022/5021,2022,60,1.15
Hälso- Och Sjukvård Samt Socialt Arbete,Medicinsk Fotterapeut,Västra Götaland,Göteborg,0,300,"Göteborgs Stad, Yrgo",MYH 2022/5102,2022,60,1.15
Hälso- Och Sjukvård Samt Socialt Arbete,Medicinsk Massageterapeut,Östergötland,Linköping,0,400,Bergqvists Massage & Friskvårdsutbildningar Ab,MYH 2022/4426,2022,80,1.54
Hälso- Och Sjukvård Samt Socialt Arbete,Ortopedtekniker,Jönköping,Jönköping,0,400,Hälsohögskolan I Jönköping Ab,MYH 2022/4958,2022,80,1.54
Hälso- Och Sjukvård Samt Socialt Arbete,Psykiatrispecialiserad Undersköterska/Vårdare Med Beroendekompetens,Västernorrland,Kramfors,0,200,"Kramfors Kommun, Yrkeshögskolan Höga Kusten",MYH 2022/4746,2022,40,0.77
Hälso- Och Sjukvård Samt Socialt Arbete,Specialistundersköterska - Demens,Flera Kommuner,Flera Kommuner,1,200,Campus Nyköping,MYH 2022/5275,2022,40,0.77
Hälso- Och Sjukvård Samt Socialt Arbete,"Specialistundersköterska Inom Neurologi, Neurokirurgi Och Neurointensivvård",Västra Götaland,Göteborg,0,200,Folkuniversitetet Kursverksamheten Vid Göteborgs Universitet,MYH 2022/4587,2022,40,0.77
Hälso- Och Sjukvård Samt Socialt Arbete,Specialistundersköterska Med Neuropsykiatrikompetens,Uppsala,Uppsala,0,225,Yrkesakademin Yh Ab,MYH 2022/4561,2022,45,0.87
Hälso- Och Sjukvård Samt Socialt Arbete,Specialistundersköterska Multisjuka Äldre,Norrbotten,Piteå,0,200,Medlearn Ab,MYH 2022/5196,2022,40,0.77
Hälso- Och Sjukvård Samt Socialt Arbete,Specialistundersköterska Multisjuka Äldre,Flera Kommuner,Flera Kommuner,1,200,Kompetensutvecklingsinstitutet Sverige Ab,MYH 2022/4319,2022,40,0.77
Hälso- Och Sjukvård Samt Socialt Arbete,Specialistundersköterska Multisjuka Äldre,Flera Kommuner,Flera Kommuner,1,200,Kompetensutvecklingsinstitutet Sverige Ab,MYH 2022/4461,2022,40,0.77
Hälso- Och Sjukvård Samt Socialt Arbete,"Specialistundersköterska Operation, Anestesi Och Intensivvård",Kronoberg,Växjö,0,200,"Region Kronoberg, Yh Region Kronoberg",MYH 2022/5065,2022,40,0.77
Hälso- Och Sjukvård Samt Socialt Arbete,"Specialistundersköterska Operation, Anestesi Och Intensivvård",Stockholm,Stockholm,0,200,Medlearn Ab,MYH 2022/4874,2022,40,0.77
Hälso- Och Sjukvård Samt Socialt Arbete,Specialistutbildad Undersköterska - Demensvård,Flera Kommuner,Flera Kommuner,1,210,Tuc Sweden Ab - Yrkeshögskola,MYH 2022/4536,2022,42,0.81
Hälso- Och Sjukvård Samt Socialt Arbete,Specialistutbildad Undersköterska - Multisjuklighet/Palliativ Vård,Västra Götaland,Vänersborg,0,200,"Kunskapsförbundet Väst, Vuxenutbildningen",MYH 2022/4713,2022,40,0.77
Hälso- Och Sjukvård Samt Socialt Arbete,Specialistutbildad Undersköterska - Psykiatri,Flera Kommuner,Flera Kommuner,1,210,Tuc Sweden Ab - Yrkeshögskola,MYH 2022/5373,2022,42,0.81
Hälso- Och Sjukvård Samt Socialt Arbete,Specialistutbildad Undersköterska Inom Demens,Skåne,Lund,0,200,Consensum Yh L,MYH 2022/4221,2022,40,0.77
Hälso- Och Sjukvård Samt Socialt Arbete,Specialistutbildad Undersköterska Inom Palliativ Vård,Stockholm,Stockholm,0,200,Consensum Yh S,MYH 2022/4517,2022,40,0.77
Hälso- Och Sjukvård Samt Socialt Arbete,Specialistutbildad Undersköterska Inom Psykisk Ohälsa,Stockholm,Stockholm,0,200,Consensum Yh S,MYH 2022/4647,2022,40,0.77
Hälso- Och Sjukvård Samt Socialt Arbete,Stödpedagog,Jönköping,Tranås,0,200,Tuc Sweden Ab - Yrkeshögskola,MYH 2022/4208,2022,40,0.77
Hälso- Och Sjukvård Samt Socialt Arbete,Stödpedagog,Stockholm,Stockholm,0,200,Consensum Yh S,MYH 2022/4173,2022,40,0.77
Hälso- Och Sjukvård Samt Socialt Arbete,Stödpedagog,Västernorrland,Sollefteå,0,200,Sollefteå Kommun - Reveljen,MYH 2022/4581,2022,40,0.77
Hälso- Och Sjukvård Samt Socialt Arbete,Stödpedagog,Flera Kommuner,Flera Kommuner,1,200,Kompetensutvecklingsinstitutet Sverige Ab,MYH 2022/4249,2022,40,0.77
Hälso- Och Sjukvård Samt Socialt Arbete,Stödpedagog Inom Funktionshinderområdet,Skåne,Kristianstad,0,200,"Kristianstad Kommun, Vuxenutbildningen",MYH 2022/4577,2022,40,0.77
Hälso- Och Sjukvård Samt Socialt Arbete,Stödpedagog Inom Funktionshinderområdet,Skåne,Simrishamn,0,200,Folkuniversitetet - Kursverksamheten Vid Lunds Universitet,MYH 2022/5396,2022,40,0.77
Hälso- Och Sjukvård Samt Socialt Arbete,Stödpedagog Inom Funktionshinderområdet,Södermanland,Nyköping,0,200,Campus Nyköping,MYH 2022/5274,2022,40,0.77
Hälso- Och Sjukvård Samt Socialt Arbete,Stödpedagog Inom Funktionshinderområdet,Västra Götaland,Göteborg,0,200,Hermods Ab Göteborg,MYH 2022/4276,2022,40,0.77
Hälso- Och Sjukvård Samt Socialt Arbete,Stödpedagog Inom Funktionshinderområdet,Flera Kommuner,Flera Kommuner,1,200,Hälsohögskolan I Jönköping Ab,MYH 2022/4706,2022,40,0.77
Hälso- Och Sjukvård Samt Socialt Arbete,Tandsköterska,Norrbotten,Luleå,0,325,"Luleå Kommun, Vuxenutbildningen",MYH 2022/5049,2022,65,1.25
Journalistik Och Information,Social Media Manager,Stockholm,Solna,0,310,Nackademin Ab,MYH 2022/4641,2022,62,1.19
Journalistik Och Information,Webbkommunikatör Sociala Medier,Skåne,Malmö,0,400,Medieinstitutet I Sverige Ab,MYH 2022/5445,2022,80,1.54
Juridik,Paralegal,Skåne,Malmö,0,400,Nbi,MYH 2022/5091,2022,80,1.54
"Kultur, Media Och Design",Content Developer,Stockholm,Stockholm,0,325,Hyper Island Program Ab - Stockholm,MYH 2022/4763,2022,65,1.25
"Kultur, Media Och Design",Designer-/Produktutvecklare Med 3D Kompetens,Skåne,Malmö,0,200,Malmö Tillskärarakademi Ab,MYH 2022/4649,2022,40,0.77
"Kultur, Media Och Design",Designmodellör,Västra Götaland,Lidköping,0,400,Formakademin I Lidköping Ab,MYH 2022/4931,2022,80,1.54
"Kultur, Media Och Design",Digital Art Director Och Copywriter,Västra Götaland,Borås,0,400,Borås Stad - Yrkeshögskolan I Borås,MYH 2022/5475,2022,80,1.54
"Kultur, Media Och Design",Digital Content Designer,Stockholm,Stockholm,0,400,Medieinstitutet I Sverige Ab,MYH 2022/5484,2022,80,1.54
"Kultur, Media Och Design",Filmarbetare I Kreativ Teamfunktion – Mask,Västra Götaland,Trollhättan,0,400,"Kunskapsförbundet Väst, Vuxenutbildningen",MYH 2022/4969,2022,80,1.54
"Kultur, Media Och Design",Filmarbetare I Kreativ Teamfunktion – Scenografi Och Kostym,Västra Götaland,Trollhättan,0,400,"Kunskapsförbundet Väst, Vuxenutbildningen",MYH 2022/4994,2022,80,1.54
"Kultur, Media Och Design","Filmarbetare I Teknisk Teamfunktion – Ljud, Ljus Och Kamera",Västra Götaland,Trollhättan,0,400,"Kunskapsförbundet Väst, Vuxenutbildningen",MYH 2022/4997,2022,80,1.54
"Kultur, Media Och Design",Futuregames Animator And Vfx Artist,Flera Kommuner,Flera Kommuner,1,550,Changemaker Educations Ab,MYH 2022/5222,2022,110,2.12
"Kultur, Media Och Design",Futuregames Game Artist,Skåne,Malmö,0,550,Changemaker Educations Ab,MYH 2022/5122,2022,110,2.12
"Kultur, Media Och Design",Futuregames Game Designer,Stockholm,Stockholm,0,550,Changemaker Educations Ab,MYH 2022/5093,2022,110,2.12
"Kultur, Media Och Design",Game & Ux Designer,Västerbotten,Skellefteå,0,400,Changemaker Educations Ab,MYH 2022/4936,2022,80,1.54
"Kultur, Media Och Design",Game Audio Producent & Sound Designer,Stockholm,Stockholm,0,400,Audio Production Academy Ab,MYH 2022/4651,2022,80,1.54
"Kultur, Media Och Design",Game Creator Artist,Västra Götaland,Göteborg,0,430,"Göteborgs Stad, Yrgo",MYH 2022/5179,2022,86,1.65
"Kultur, Media Och Design",Guldsmed,Västra Götaland,Falköping,0,600,"Falköpings Kommun, Lärcenter",MYH 2022/4486,2022,120,2.31
"Kultur, Media Och Design",Motion Creative,Stockholm,Stockholm,0,225,Hyper Island Program Ab - Stockholm,MYH 2022/4751,2022,45,0.87
"Kultur, Media Och Design",Podcastproduktion,Stockholm,Stockholm,0,330,Medieinstitutet I Sverige Ab,MYH 2022/5423,2022,66,1.27
"Kultur, Media Och Design",Procedural Artist,Stockholm,Stockholm,0,550,Tga Utbildning Ab,MYH 2022/4467,2022,110,2.12
"Kultur, Media Och Design",Produktionsdrejare,Västra Götaland,Lidköping,0,400,Formakademin I Lidköping Ab,MYH 2022/4929,2022,80,1.54
"Kultur, Media Och Design",Projektledare Inom Möbel- Och Inredningsbranschen,Västra Götaland,Tibro,0,400,Tibro Hantverksakademi,MYH 2022/5454,2022,80,1.54
"Kultur, Media Och Design",Spelanimatör,Skåne,Malmö,0,550,Tga Utbildning Ab,MYH 2022/4469,2022,110,2.12
"Kultur, Media Och Design",Teknisk 3D Artist Inom Spel,Stockholm,Solna,0,500,Nackademin Ab,MYH 2022/4472,2022,100,1.92
"Kultur, Media Och Design",Tv-Produktionsspecialist,Kalmar,Västervik,0,400,Gamleby Folkhögskola,MYH 2022/4592,2022,80,1.54
"Lantbruk, Djurvård, Trädgård, Skog Och Fiske",Akvaponiingenjör,Flera Kommuner,Flera Kommuner,1,400,Väddö Folkhögskola,MYH 2022/4568,2022,80,1.54
"Lantbruk, Djurvård, Trädgård, Skog Och Fiske",Arbetsledare – Hållbar Grönyteförvaltning,Uppsala,Uppsala,0,325,Yrkesakademin Yh Ab,MYH 2022/4495,2022,65,1.25
"Lantbruk, Djurvård, Trädgård, Skog Och Fiske",Arborist,Stockholm,Stockholm,0,400,Hvilan Utbildning Ab,MYH 2022/5350,2022,80,1.54
"Lantbruk, Djurvård, Trädgård, Skog Och Fiske",Driftledare Lantbruk,Västerbotten,Umeå,0,250,Umeå Kommun - Forslundagymnasiet,MYH 2022/5404,2022,50,0.96
"Lantbruk, Djurvård, Trädgård, Skog Och Fiske",Förädlingsodlare,Västra Götaland,Mariestad,0,200,"Mariestads Kommun, Dacapo Mariestad",MYH 2022/4926,2022,40,0.77
"Lantbruk, Djurvård, Trädgård, Skog Och Fiske",Kvalificerad Trädgårdsanläggare,Skåne,Båstad,0,300,Båstad Kommun Akademi Båstad,MYH 2022/5507,2022,60,1.15
"Lantbruk, Djurvård, Trädgård, Skog Och Fiske",Ridlärare,Västerbotten,Umeå,0,220,Umeå Kommun - Forslundagymnasiet,MYH 2022/5488,2022,44,0.85
"Lantbruk, Djurvård, Trädgård, Skog Och Fiske",Skogsbrukstekniker,Flera Kommuner,Flera Kommuner,1,300,Alfta Skogstekniska Utbildning Ab,MYH 2022/4941,2022,60,1.15
"Lantbruk, Djurvård, Trädgård, Skog Och Fiske",Skogsplanerare,Flera Kommuner,Flera Kommuner,1,210,Hermods Ab Umeå,MYH 2022/4334,2022,42,0.81
"Lantbruk, Djurvård, Trädgård, Skog Och Fiske",Stadsodlare,Västernorrland,Härnösand,0,400,"Härnösands Kommun, Yrkeshögskolan",MYH 2022/4915,2022,80,1.54
"Lantbruk, Djurvård, Trädgård, Skog Och Fiske",Stall- Och Verksamhetsledare Inom Hästrelaterade Näringar,Stockholm,Sigtuna,0,300,Jensen Education School Ab,MYH 2022/5500,2022,60,1.15
"Lantbruk, Djurvård, Trädgård, Skog Och Fiske","Trädgårdsmästare – Odling, Förädling Och Entreprenörskap",Skåne,Staffanstorp,0,390,Hvilan Utbildning Ab,MYH 2022/5497,2022,78,1.5
"Lantbruk, Djurvård, Trädgård, Skog Och Fiske",Trädgårdsmästare Inom Park Och Kulturlandskap,Blekinge,Karlskrona,0,400,Hermods Ab Karlskrona,MYH 2022/4277,2022,80,1.54
"Lantbruk, Djurvård, Trädgård, Skog Och Fiske",Trädgårdsmästare Inriktning Arbetsledning,Västra Götaland,Göteborg,0,400,Hermods Ab Göteborg,MYH 2022/4388,2022,80,1.54
"Lantbruk, Djurvård, Trädgård, Skog Och Fiske",Trädgårdsmästare Inriktning Hållbarhet,Stockholm,Solna,0,400,Hermods Ab Stockholm,MYH 2022/4329,2022,80,1.54
"Lantbruk, Djurvård, Trädgård, Skog Och Fiske","Trädgårdsmästare- Natur, Kultur Och Hållbarhet",Västra Götaland,Mölndal,0,400,Gunnebo Slott Och Trädgårdar Ab,MYH 2022/4492,2022,80,1.54
"Lantbruk, Djurvård, Trädgård, Skog Och Fiske","Trädgårdsmästare, Ekologi Och Entreprenörskap",Stockholm,Södertälje,0,400,"Södertälje Kommun, Campus Telge",MYH 2022/4780,2022,80,1.54
Pedagogik Och Undervisning,Trafiklärare,Kalmar,Kalmar,0,300,Syab Gruppen Ab,MYH 2022/4634,2022,60,1.15
Pedagogik Och Undervisning,Trafiklärare,Norrbotten,Luleå,0,300,Yrkesakademin Yh Ab,MYH 2022/4016,2022,60,1.15
Pedagogik Och Undervisning,Trafiklärare,Skåne,Helsingborg,0,300,Utbildarna I Helsingborg Ab,MYH 2022/4335,2022,60,1.15
Pedagogik Och Undervisning,Trafiklärare,Stockholm,Upplands-Bro,0,300,"Upplands-Bro Kommun, Vuxenutbildningen",MYH 2022/4407,2022,60,1.15
Pedagogik Och Undervisning,Trafiklärare,Värmland,Karlstad,0,300,"Karlstads Kommun, Yrkeshögskolan",MYH 2022/5365,2022,60,1.15
Pedagogik Och Undervisning,Trafiklärare,Västmanland,Västerås,0,300,Västerås Stad/Barn- Och Utbildningsförvaltningen/Västerås Yrkeshögskola,MYH 2022/4624,2022,60,1.15
Pedagogik Och Undervisning,Trafiklärare,Västra Götaland,Lerum,0,300,"Lerums Kommun, Vuxenutbildningen",MYH 2022/4215,2022,60,1.15
Samhällsbyggnad Och Byggteknik,Anläggningsingenjör - Infrastruktur,Västerbotten,Umeå,0,400,Hermods Ab Umeå,MYH 2022/4619,2022,80,1.54
Samhällsbyggnad Och Byggteknik,"Anläggningsingenjör - Infrastruktur, Miljö Och Klimat",Flera Kommuner,Flera Kommuner,1,420,Kyh Ab,MYH 2022/4819,2022,84,1.62
Samhällsbyggnad Och Byggteknik,Anläggningsingenjör Med Bim- Och Hållbarhetskompetens,Norrbotten,Luleå,0,415,Handelsakademin I Göteborg Ab,MYH 2022/4962,2022,83,1.6
Samhällsbyggnad Och Byggteknik,Anläggningsingenjör Väg Och Vatten,Västra Götaland,Göteborg,0,410,Plushögskolan Ab - Teknikhögskolan,MYH 2022/4906,2022,82,1.58
Samhällsbyggnad Och Byggteknik,Arbetsledare Anläggning,Flera Kommuner,Flera Kommuner,1,435,Kyh Ab,MYH 2022/4660,2022,87,1.67
Samhällsbyggnad Och Byggteknik,Arbetsledare Bygg Och Anläggning,Flera Kommuner,Flera Kommuner,1,300,Nackademin Ab,MYH 2022/4538,2022,60,1.15
Samhällsbyggnad Och Byggteknik,Arkitekturvisualisering,Västra Götaland,Göteborg,0,400,"Göteborgs Stad, Yrgo",MYH 2022/5058,2022,80,1.54
Samhällsbyggnad Och Byggteknik,Avancerad Gis-Användare,Gävleborg,Gävle,0,215,Folkuniversitetet - Stiftelsen Kursverksamheten Vid Uppsala Universitetet,MYH 2022/5402,2022,43,0.83
Samhällsbyggnad Och Byggteknik,Betongingenjör,Stockholm,Stockholm,0,300,Företagsekonomiska Institutet 1888 Ab,MYH 2022/5493,2022,60,1.15
Samhällsbyggnad Och Byggteknik,Byggingenjör - Produktion,Västra Götaland,Göteborg,0,415,"Göteborgs Stad, Yrgo",MYH 2022/5378,2022,83,1.6
Samhällsbyggnad Och Byggteknik,"Byggingenjör, Hållbart Byggande",Västra Götaland,Göteborg,0,415,"Göteborgs Stad, Yrgo",MYH 2022/5383,2022,83,1.6
Samhällsbyggnad Och Byggteknik,Bygglovshandläggare,Flera Kommuner,Flera Kommuner,1,400,Yrkesakademin Yh Ab,MYH 2022/4343,2022,80,1.54
Samhällsbyggnad Och Byggteknik,Bygglovshandläggare/Byggnadsinspektör,Västernorrland,Örnsköldsvik,0,300,Kunskap & Kompetens I Sverige Ab,MYH 2022/5035,2022,60,1.15
Samhällsbyggnad Och Byggteknik,Byggnadsingenjör - Klimat Och Konstruktion,Flera Kommuner,Flera Kommuner,1,400,Kyh Ab,MYH 2022/4685,2022,80,1.54
Samhällsbyggnad Och Byggteknik,Byggnadsingenjör Bim,Stockholm,Solna,0,400,Nackademin Ab,MYH 2022/4543,2022,80,1.54
Samhällsbyggnad Och Byggteknik,Byggnadsingenjör Energi Och Rot,Flera Kommuner,Flera Kommuner,1,300,Yrkesakademin Yh Ab,MYH 2022/4253,2022,60,1.15
Samhällsbyggnad Och Byggteknik,Byggnadsingenjör Hållbart Byggande,Stockholm,Solna,0,400,Nackademin Ab,MYH 2022/4484,2022,80,1.54
Samhällsbyggnad Och Byggteknik,Byggnadsingenjör Mark Och Vatten,Stockholm,Solna,0,400,Nackademin Ab,MYH 2022/4493,2022,80,1.54
Samhällsbyggnad Och Byggteknik,Byggproduktionsledare Rot,Flera Kommuner,Flera Kommuner,1,430,Kyh Ab,MYH 2022/4816,2022,86,1.65
Samhällsbyggnad Och Byggteknik,Byggprojektör Bim,Halland,Halmstad,0,400,Ec Utbildning Ab Halmstad,MYH 2022/4401,2022,80,1.54
Samhällsbyggnad Och Byggteknik,Byggprojektör Bim,Stockholm,Solna,0,400,Ec Utbildning Ab Stockholm,MYH 2022/4982,2022,80,1.54
Samhällsbyggnad Och Byggteknik,Digitaliseringsutvecklare Smarta Hus,Kalmar,Kalmar,0,300,Lernia Utbildning Ab,MYH 2022/5169,2022,60,1.15
Samhällsbyggnad Och Byggteknik,Drift- Och Fastighetstekniker,Jämtland,Östersund,0,400,Hermods Ab Östersund,MYH 2022/4165,2022,80,1.54
Samhällsbyggnad Och Byggteknik,Drift- Och Fastighetstekniker,Skåne,Malmö,0,400,John Ericsson Institutet,MYH 2022/5315,2022,80,1.54
Samhällsbyggnad Och Byggteknik,Drift- Och Fastighetstekniker,Flera Kommuner,Flera Kommuner,1,315,Yrkesakademin Yh Ab,MYH 2022/4245,2022,63,1.21
Samhällsbyggnad Och Byggteknik,"Driftingenjör Inom Kyla, Vvs Och Energi",Skåne,Eslöv,0,400,Karlsson Climate Ab,MYH 2022/4682,2022,80,1.54
Samhällsbyggnad Och Byggteknik,Energispecialist,Västra Götaland,Göteborg,0,425,Hermods Ab Göteborg,MYH 2022/4092,2022,85,1.63
Samhällsbyggnad Och Byggteknik,Entreprenadingenjör,Östergötland,Norrköping,0,415,East Sweden Business School Ab,MYH 2022/4605,2022,83,1.6
Samhällsbyggnad Och Byggteknik,Entreprenadingenjör - Hållbart Byggande,Skåne,Malmö,0,430,Kyh Ab Malmö,MYH 2022/4677,2022,86,1.65
Samhällsbyggnad Och Byggteknik,Facility Management,Skåne,Malmö,0,410,Plushögskolan Ab - Affärshögskolan,MYH 2022/4475,2022,82,1.58
Samhällsbyggnad Och Byggteknik,Facility Management,Stockholm,Stockholm,0,410,Plushögskolan Ab - Affärshögskolan,MYH 2022/4698,2022,82,1.58
Samhällsbyggnad Och Byggteknik,Fastighets- Och Energitekniker,Västra Götaland,Göteborg,0,300,Fastighetsakademin Sverige Ab,MYH 2022/4287,2022,60,1.15
Samhällsbyggnad Och Byggteknik,Fastighetsförvaltare,Skåne,Malmö,0,500,John Ericsson Institutet,MYH 2022/5297,2022,100,1.92
Samhällsbyggnad Och Byggteknik,Fastighetsförvaltare,Flera Kommuner,Flera Kommuner,1,500,Yrkesakademin Yh Ab,MYH 2022/4247,2022,100,1.92
Samhällsbyggnad Och Byggteknik,Fönsterhantverkare- Traditionella Hantverkstekniker,Västra Götaland,Mariestad,0,200,"Mariestads Kommun, Dacapo Mariestad",MYH 2022/4918,2022,40,0.77
Samhällsbyggnad Och Byggteknik,Gis-Samordnare Med Fokus På Krisberedskap,Gävleborg,Gävle,0,215,Folkuniversitetet - Stiftelsen Kursverksamheten Vid Uppsala Universitetet,MYH 2022/5341,2022,43,0.83
Samhällsbyggnad Och Byggteknik,Hållbarhetsstrateg Bygg,Kronoberg,Växjö,0,400,Yrkesakademin Yh Ab,MYH 2022/4788,2022,80,1.54
Samhällsbyggnad Och Byggteknik,"Installationsingenjör Solel, Lagring Och Laddning",Flera Kommuner,Flera Kommuner,1,320,Kyh Ab,MYH 2022/4697,2022,64,1.23
Samhällsbyggnad Och Byggteknik,Järnvägsingenjör,Dalarna,Ludvika,0,420,John Ericsson Institutet,MYH 2022/5476,2022,84,1.62
Samhällsbyggnad Och Byggteknik,Miljösamordnare Hållbara Byggnader,Västra Götaland,Göteborg,0,410,Kyh Ab Göteborg,MYH 2022/4671,2022,82,1.58
Samhällsbyggnad Och Byggteknik,Miljösanerare Samhällsbyggnad,Stockholm,Nynäshamn,0,400,Yrkesakademin Yh Ab,MYH 2022/4559,2022,80,1.54
Samhällsbyggnad Och Byggteknik,Mätningstekniker,Västmanland,Västerås,0,455,Nercia Utbildning,MYH 2022/5141,2022,91,1.75
Samhällsbyggnad Och Byggteknik,Mätningstekniker,Östergötland,Norrköping,0,415,East Sweden Business School Ab,MYH 2022/4606,2022,83,1.6
Samhällsbyggnad Och Byggteknik,Platschef - Bygg Och Anläggning,Skåne,Malmö,0,195,Tekniska Högskolan I Jönköping Ab,MYH 2022/4998,2022,39,0.75
Samhällsbyggnad Och Byggteknik,Platschef Samhällsbyggnad,Flera Kommuner,Flera Kommuner,1,200,Yrkesakademin Yh Ab,MYH 2022/4264,2022,40,0.77
Samhällsbyggnad Och Byggteknik,Projektingenjör Järnväg,Flera Kommuner,Flera Kommuner,1,400,Hermods Ab Stockholm,MYH 2022/4189,2022,80,1.54
Samhällsbyggnad Och Byggteknik,Projektledare Kyla,Södermanland,Nyköping,0,200,Insu Ab,MYH 2022/5357,2022,40,0.77
Samhällsbyggnad Och Byggteknik,Projektledare Solenergi,Västra Götaland,Göteborg,0,410,Kyh Ab Göteborg,MYH 2022/4675,2022,82,1.58
Samhällsbyggnad Och Byggteknik,Projektledare Vvs,Flera Kommuner,Flera Kommuner,1,200,Lernia Utbildning Ab,MYH 2022/5068,2022,40,0.77
Samhällsbyggnad Och Byggteknik,Rörinspektör - Mark/Fastighet,Stockholm,Stockholm,0,300,Alea Kompetenshöjning Ab,MYH 2022/5201,2022,60,1.15
Samhällsbyggnad Och Byggteknik,Rörnätstekniker/Arbetsledare–Rörnätsteknik,Kalmar,Kalmar,0,400,Alea Kompetenshöjning Ab,MYH 2022/4838,2022,80,1.54
Samhällsbyggnad Och Byggteknik,Solenergiprojektör,Flera Kommuner,Flera Kommuner,1,400,Campus Varberg/Varbergs Kommun,MYH 2022/4548,2022,80,1.54
Samhällsbyggnad Och Byggteknik,Solenergitekniker,Stockholm,Nynäshamn,0,425,Campus Nynäshamn,MYH 2022/4772,2022,85,1.63
Samhällsbyggnad Och Byggteknik,Va-Ingenjör,Västra Götaland,Göteborg,0,420,John Ericsson Institutet,MYH 2022/5328,2022,84,1.62
Samhällsbyggnad Och Byggteknik,Va-Projektör,Jönköping,Jönköping,0,300,Tekniska Högskolan I Jönköping Ab,MYH 2022/5004,2022,60,1.15
Samhällsbyggnad Och Byggteknik,Va-Projektör,Stockholm,Solna,0,300,Nackademin Ab,MYH 2022/4494,2022,60,1.15
Samhällsbyggnad Och Byggteknik,Vatten- & Miljötekniker,Västra Götaland,Göteborg,0,400,Blue Peak Ab,MYH 2022/5116,2022,80,1.54
Samhällsbyggnad Och Byggteknik,Vatten- & Miljötekniker,Örebro,Hallsberg,0,400,Blue Peak Ab,MYH 2022/5130,2022,80,1.54
Samhällsbyggnad Och Byggteknik,Vvs- Och Energiingenjör,Norrbotten,Luleå,0,400,"Luleå Kommun, Vuxenutbildningen",MYH 2022/4869,2022,80,1.54
Samhällsbyggnad Och Byggteknik,Vvs-Ingenjör,Stockholm,Stockholm,0,400,Tuc Sweden Ab - Yrkeshögskola,MYH 2022/4422,2022,80,1.54
Samhällsbyggnad Och Byggteknik,Vvs-Ingenjör,Flera Kommuner,Flera Kommuner,1,400,Campus Nyköping,MYH 2022/5006,2022,80,1.54
Samhällsbyggnad Och Byggteknik,Vvs-Ingenjör - Energi Och Teknik,Flera Kommuner,Flera Kommuner,1,415,Campus Varberg/Varbergs Kommun,MYH 2022/4828,2022,83,1.6
Samhällsbyggnad Och Byggteknik,Vvs-Tekniker Malmö/Lund,Skåne,Lund,0,400,Movant Ab,MYH 2022/4904,2022,80,1.54
Säkerhetstjänster,Säkerhetsingenjör,Stockholm,Södertälje,0,350,"Södertälje Kommun, Campus Telge",MYH 2022/5386,2022,70,1.35
Teknik Och Tillverkning,3D-Printtekniker,Jönköping,Värnamo,0,400,Tekniska Högskolan I Jönköping Ab,MYH 2022/4985,2022,80,1.54
Teknik Och Tillverkning,3D-Visualiserare Inom Mode Och Konfektion,Stockholm,Stockholm,0,100,Stockholms Tillskärarakademi,MYH 2022/5409,2022,20,0.38
Teknik Och Tillverkning,Additiv Tillverkning - Teknik Och Konstruktion (3D-Printingspecialist),Halland,Halmstad,0,200,Resurs Applikation Process System I Skåne Ab,MYH 2022/5242,2022,40,0.77
Teknik Och Tillverkning,Anläggningsmontör Storkraftnät,Örebro,Askersund,0,300,Åsbro Kursgård Ab,MYH 2022/4448,2022,60,1.15
Teknik Och Tillverkning,Automations- Och Robotingenjör Med Industri 4.0,Västerbotten,Umeå,0,425,Hermods Ab Umeå,MYH 2022/4167,2022,85,1.63
Teknik Och Tillverkning,Automationsingenjör Inom Drift Och Service,Jönköping,Tranås,0,400,Tuc Sweden Ab - Yrkeshögskola,MYH 2022/4488,2022,80,1.54
Teknik Och Tillverkning,Automationsingenjör Robotik,Jönköping,Jönköping,0,430,Plushögskolan Ab - Teknikhögskolan,MYH 2022/4502,2022,86,1.65
Teknik Och Tillverkning,Automationsingenjör-Mjukvara,Jönköping,Jönköping,0,400,Tekniska Högskolan I Jönköping Ab,MYH 2022/4986,2022,80,1.54
Teknik Och Tillverkning,Automationstekniker - Drift Och Underhåll Av Digitala Produktionssystem,Norrbotten,Piteå,0,400,Lernia Utbildning Ab,MYH 2022/4661,2022,80,1.54
Teknik Och Tillverkning,Automationstekniker - Drift Och Underhåll Av Digitala Produktionssystem,Skåne,Malmö,0,400,Lernia Utbildning Ab,MYH 2022/4663,2022,80,1.54
Teknik Och Tillverkning,Avancerad Cnc-Tekniker - Blått Certifikat,Örebro,Karlskoga,0,400,Karlskoga Kommun/Vuxnas Lärande,MYH 2022/4637,2022,80,1.54
Teknik Och Tillverkning,Bagare Och Konditor,Skåne,Kristianstad,0,215,"Kristianstad Kommun, Vuxenutbildningen",MYH 2022/4570,2022,43,0.83
Teknik Och Tillverkning,Bergsskoleingenjör – Berg- Och Anläggningsteknik,Värmland,Filipstad,0,600,Bergsskolan Kompetensutveckling Ab,MYH 2022/5026,2022,120,2.31
Teknik Och Tillverkning,Bryggeriteknik,Dalarna,Ludvika,0,315,Västerbergslagens Utbildningsförbund - Teknik,MYH 2022/4589,2022,63,1.21
Teknik Och Tillverkning,Bryggeritekniker,Stockholm,Nynäshamn,0,300,Campus Nynäshamn,MYH 2022/4771,2022,60,1.15
Teknik Och Tillverkning,Cad-Ingenjör Processindustri,Västra Götaland,Göteborg,0,405,Plushögskolan Ab - Teknikhögskolan,MYH 2022/4432,2022,81,1.56
Teknik Och Tillverkning,Cad-Konstruktör,Kronoberg,Växjö,0,400,Ec Utbildning Ab Växjö,MYH 2022/4453,2022,80,1.54
Teknik Och Tillverkning,Cad-Konstruktör,Örebro,Örebro,0,400,Ec Utbildning Ab Örebro,MYH 2022/4398,2022,80,1.54
Teknik Och Tillverkning,Cad-Konstruktör Inom Mekanik,Östergötland,Linköping,0,400,Tuc Sweden Ab - Yrkeshögskola,MYH 2022/4347,2022,80,1.54
Teknik Och Tillverkning,Cad-Konstruktör Plast/Mekanik,Västra Götaland,Mölndal,0,400,Campus Mölndal,MYH 2022/4971,2022,80,1.54
Teknik Och Tillverkning,Certifierad Cnc-Tekniker,Jämtland,Östersund,0,270,Lernia Utbildning Ab,MYH 2022/4726,2022,54,1.04
Teknik Och Tillverkning,Certifierad Produktionstekniker,Norrbotten,Piteå,0,230,Lernia Utbildning Ab,MYH 2022/4845,2022,46,0.88
Teknik Och Tillverkning,Certifierad Produktionstekniker,Västra Götaland,Trollhättan,0,230,Lernia Utbildning Ab,MYH 2022/5166,2022,46,0.88
Teknik Och Tillverkning,Cnc- Och Robottekniker,Södermanland,Eskilstuna,0,300,Kunskapscompaniet Ankaret Ab,MYH 2022/4531,2022,60,1.15
Teknik Och Tillverkning,Cnc- Och Robottekniker,Örebro,Örebro,0,425,Hermods Ab Örebro,MYH 2022/3935,2022,85,1.63
Teknik Och Tillverkning,Cnc Tekniker - Blått Certifikat,Västerbotten,Umeå,0,380,Umeå Kommun,MYH 2022/5403,2022,76,1.46
Teknik Och Tillverkning,Data Center Technician,Södermanland,Eskilstuna,0,415,Plushögskolan Ab - Teknikhögskolan,MYH 2022/4884,2022,83,1.6
Teknik Och Tillverkning,Distributionselektriker,Västmanland,Västerås,0,200,Västerås Stad/Barn- Och Utbildningsförvaltningen/Västerås Yrkeshögskola,MYH 2022/5037,2022,40,0.77
Teknik Och Tillverkning,Drifttekniker - Processoperatör,Västernorrland,Sundsvall,0,400,Creando Ab,MYH 2022/4851,2022,80,1.54
Teknik Och Tillverkning,Drifttekniker Kemisk Industri,Västra Götaland,Stenungsund,0,400,Stenungsunds Kommun,MYH 2022/4856,2022,80,1.54
Teknik Och Tillverkning,Drifttekniker Kraft- Värmeproduktion,Västra Götaland,Göteborg,0,400,Folkuniversitetet Kursverksamheten Vid Göteborgs Universitet,MYH 2022/5310,2022,80,1.54
Teknik Och Tillverkning,"Drifttekniker, Kraft & Värme / Process",Gävleborg,Gävle,0,415,Avt Ab,MYH 2022/5154,2022,83,1.6
Teknik Och Tillverkning,"Drifttekniker, Kraft & Värme / Process",Västerbotten,Skellefteå,0,415,Avt Ab,MYH 2022/5158,2022,83,1.6
Teknik Och Tillverkning,"Drifttekniker, Kraft & Värme / Process",Örebro,Örebro,0,415,Avt Ab,MYH 2022/5162,2022,83,1.6
Teknik Och Tillverkning,Electric Powertrain Engineering,Västra Götaland,Trollhättan,0,295,Yrkesakademin Yh Ab,MYH 2022/4364,2022,59,1.13
Teknik Och Tillverkning,Electromobility Design Engineer,Västra Götaland,Göteborg,0,400,"Göteborgs Stad, Yrgo",MYH 2022/5322,2022,80,1.54
Teknik Och Tillverkning,Elektronikingenjör Inbyggda System,Västra Götaland,Göteborg,0,415,"Göteborgs Stad, Yrgo",MYH 2022/5233,2022,83,1.6
Teknik Och Tillverkning,Elingenjör - Elkonstruktör,Skåne,Hässleholm,0,400,"Hässleholms Kommun, Yrkeshögskolan Syd",MYH 2022/5316,2022,80,1.54
Teknik Och Tillverkning,"Elingenjör - Fastighet, Industri Och Järnväg",Skåne,Helsingborg,0,410,Yrkesakademin Yh Ab,MYH 2022/4800,2022,82,1.58
Teknik Och Tillverkning,Elkonstruktör,Västerbotten,Skellefteå,0,420,Tuc Sweden Ab - Yrkeshögskola,MYH 2022/5262,2022,84,1.62
Teknik Och Tillverkning,Elkonstruktör,Östergötland,Linköping,0,420,Tuc Sweden Ab - Yrkeshögskola,MYH 2022/4598,2022,84,1.62
Teknik Och Tillverkning,Elkraftingenjör,Jönköping,Jönköping,0,400,Tekniska Högskolan I Jönköping Ab,MYH 2022/4993,2022,80,1.54
Teknik Och Tillverkning,Elkraftsingenjör,Värmland,Karlstad,0,400,Plushögskolan Ab - Teknikhögskolan,MYH 2022/4760,2022,80,1.54
Teknik Och Tillverkning,Elkraftsingenjör - Projektering Och Beredning,Skåne,Hässleholm,0,400,"Hässleholms Kommun, Yrkeshögskolan Syd",MYH 2022/5305,2022,80,1.54
Teknik Och Tillverkning,"Elkrafttekniker, Inriktning Hållbara Elsystem",Västra Götaland,Trollhättan,0,400,Högskolan Väst,MYH 2022/5345,2022,80,1.54
Teknik Och Tillverkning,E-Mobility-Ingenjör,Västra Götaland,Göteborg,0,400,Hermods Ab Göteborg,MYH 2022/4521,2022,80,1.54
Teknik Och Tillverkning,Energiingenjör,Flera Kommuner,Flera Kommuner,1,400,Företagsekonomiska Institutet 1888 Ab,MYH 2022/5419,2022,80,1.54
Teknik Och Tillverkning,Fibertekniker,Södermanland,Nyköping,0,215,Campus Nyköping,MYH 2022/4909,2022,43,0.83
Teknik Och Tillverkning,Fibertekniker Med Inriktning Mastteknik/Mobilnät,Gävleborg,Hudiksvall,0,215,Edugrade Ab,MYH 2022/5395,2022,43,0.83
Teknik Och Tillverkning,Flygtekniker,Skåne,Klippan,0,420,"Klippans Kommun, Flygteknikcenter",MYH 2022/4844,2022,84,1.62
Teknik Och Tillverkning,Flygtekniker,Östergötland,Linköping,0,420,Linköpings Kommun,MYH 2022/4725,2022,84,1.62
Teknik Och Tillverkning,Flygtekniker B1.1,Västmanland,Västerås,0,420,Västerås Stad/Barn- Och Utbildningsförvaltningen/Västerås Yrkeshögskola,MYH 2022/4627,2022,84,1.62
Teknik Och Tillverkning,Flygtekniker-Helikopter,Norrbotten,Luleå,0,420,Nordiskt Flygteknikcentrum Aktiebolag,MYH 2022/4537,2022,84,1.62
Teknik Och Tillverkning,Förpackningsingenjör Packaging Solution Engineer - Miljö Och Hållbarhet,Kronoberg,Älmhult,0,400,"Älmhults Kommun, Haganässkolan",MYH 2022/5300,2022,80,1.54
Teknik Och Tillverkning,Försäljningsingenjör El Och Automation,Flera Kommuner,Flera Kommuner,1,400,Lernia Utbildning Ab,MYH 2022/4719,2022,80,1.54
Teknik Och Tillverkning,Garment Technical Designer,Västra Götaland,Borås,0,400,Borås Stad - Yrkeshögskolan I Borås,MYH 2022/5134,2022,80,1.54
Teknik Och Tillverkning,Hiss- Och Rulltrappstekniker,Stockholm,Botkyrka,0,225,Xenter Yrkeshögskola,MYH 2022/5157,2022,45,0.87
Teknik Och Tillverkning,Hydraulsystemtekniker,Västernorrland,Örnsköldsvik,0,315,"Ith, Institutet För Tillämpad Hydraulik",MYH 2022/4910,2022,63,1.21
Teknik Och Tillverkning,Hydraultekniker,Västernorrland,Örnsköldsvik,0,150,"Ith, Institutet För Tillämpad Hydraulik",MYH 2022/4911,2022,30,0.58
Teknik Och Tillverkning,Hållbar Produktionsutveckling Industri 4.0,Västernorrland,Örnsköldsvik,0,325,Yrkesakademin Yh Ab,MYH 2022/4516,2022,65,1.25
Teknik Och Tillverkning,Hållbar Produktionsutveckling Industri 4.0,Flera Kommuner,Flera Kommuner,1,325,Yrkesakademin Yh Ab,MYH 2022/4514,2022,65,1.25
Teknik Och Tillverkning,Industriell Elektroniktekniker,Värmland,Karlstad,0,400,"Karlstads Kommun, Yrkeshögskolan",MYH 2022/5148,2022,80,1.54
Teknik Och Tillverkning,Instrumentingenjör,Flera Kommuner,Flera Kommuner,1,415,"Göteborgs Stad, Yrgo",MYH 2022/5473,2022,83,1.6
Teknik Och Tillverkning,Internationell Svetsspecialist,Västerbotten,Skellefteå,0,240,Lernia Utbildning Ab,MYH 2022/4730,2022,48,0.92
Teknik Och Tillverkning,Internationell Vindkraftstekniker,Norrbotten,Piteå,0,300,Lernia Utbildning Ab,MYH 2022/4668,2022,60,1.15
Teknik Och Tillverkning,Internationell Vindkraftstekniker,Västernorrland,Sundsvall,0,300,Lernia Utbildning Ab,MYH 2022/5160,2022,60,1.15
Teknik Och Tillverkning,Iot - Projektör Trådlösa Nät,Skåne,Helsingborg,0,400,Tuc Sweden Ab - Yrkeshögskola,MYH 2022/5336,2022,80,1.54
Teknik Och Tillverkning,Järnvägstekniker / Kvalificerad Bantekniker,Norrbotten,Luleå,0,200,"Luleå Kommun, Vuxenutbildningen",MYH 2022/4896,2022,40,0.77
Teknik Och Tillverkning,Järnvägstekniker / Kvalificerad Kontaktledningstekniker,Norrbotten,Luleå,0,200,"Luleå Kommun, Vuxenutbildningen",MYH 2022/4901,2022,40,0.77
Teknik Och Tillverkning,Järnvägstekniker / Kvalificerad Signaltekniker,Norrbotten,Luleå,0,200,"Luleå Kommun, Vuxenutbildningen",MYH 2022/4908,2022,40,0.77
Teknik Och Tillverkning,Kvalificerad Kontaktledningstekniker,Jönköping,Nässjö,0,260,"Nässjö Kommun, Nässjöakademin",MYH 2022/5431,2022,52,1.0
Teknik Och Tillverkning,Kyl- Och Värmepumpstekniker,Jämtland,Östersund,0,400,Hermods Ab Östersund,MYH 2022/3962,2022,80,1.54
Teknik Och Tillverkning,Laborant,Jämtland,Östersund,0,400,Hermods Ab Östersund,MYH 2022/3953,2022,80,1.54
Teknik Och Tillverkning,Laborant,Flera Kommuner,Flera Kommuner,1,400,Lidköpings Kommun Campus Lidköping,MYH 2022/4482,2022,80,1.54
Teknik Och Tillverkning,Laborant,Flera Kommuner,Flera Kommuner,1,400,Yrkesakademin Yh Ab,MYH 2022/5234,2022,80,1.54
Teknik Och Tillverkning,Marin Servicetekniker,Stockholm,Botkyrka,0,200,Xenter Yrkeshögskola,MYH 2022/5145,2022,40,0.77
Teknik Och Tillverkning,Marintekniker Miljöoptimering,Västra Götaland,Göteborg,0,230,Sjösportskolan Swedish Maritime Academy Ab,MYH 2022/5320,2022,46,0.88
Teknik Och Tillverkning,Mejeritekniker,Västra Götaland,Götene,0,300,Lernia Utbildning Ab,MYH 2022/4669,2022,60,1.15
Teknik Och Tillverkning,Mekatronikingenjör - Industriell Konstruktion,Östergötland,Norrköping,0,510,Autoelec Ab,MYH 2022/5087,2022,102,1.96
Teknik Och Tillverkning,Mobilitetstekniker – Hållbara Drivmedel,Västmanland,Västerås,0,300,Yrkesakademin Yh Ab,MYH 2022/4348,2022,60,1.15
Teknik Och Tillverkning,Möbeltapetserare - Historiskt Hantverk,Västernorrland,Kramfors,0,400,"Kramfors Kommun, Yrkeshögskolan Höga Kusten",MYH 2022/4745,2022,80,1.54
Teknik Och Tillverkning,Mönsterkonstruktör,Stockholm,Stockholm,0,200,Stockholms Tillskärarakademi,MYH 2022/5418,2022,40,0.77
Teknik Och Tillverkning,Operativ Produktionstekniker,Flera Kommuner,Flera Kommuner,1,300,Lidköpings Kommun Campus Lidköping,MYH 2022/4483,2022,60,1.15
Teknik Och Tillverkning,Processoperatör Livsmedel,Örebro,Örebro,0,210,Plushögskolan Ab - Teknikhögskolan,MYH 2022/4498,2022,42,0.81
Teknik Och Tillverkning,Processoperatör Livsmedel,Flera Kommuner,Flera Kommuner,1,210,Plushögskolan Ab - Teknikhögskolan Syd,MYH 2022/4944,2022,42,0.81
Teknik Och Tillverkning,Processoperatör Och Laborant,Värmland,Karlstad,0,400,"Karlstads Kommun, Yrkeshögskolan",MYH 2022/5056,2022,80,1.54
Teknik Och Tillverkning,Processtekniker Smart Industri,Flera Kommuner,Flera Kommuner,1,300,Kyh Ab,MYH 2022/4694,2022,60,1.15
Teknik Och Tillverkning,Produktionslogistiker,Västerbotten,Skellefteå,0,445,Tcc Sverige Ab,MYH 2022/5351,2022,89,1.71
Teknik Och Tillverkning,"Produktionsteknik – Trä, Möbel Och Inredning",Jönköping,Nässjö,0,300,Tekniska Högskolan I Jönköping Ab,MYH 2022/4999,2022,60,1.15
Teknik Och Tillverkning,Produktionstekniker - Cnc/3D,Gävleborg,Sandviken,0,400,"Sandvikens Kommun, Yrkeshögskolan",MYH 2022/4951,2022,80,1.54
Teknik Och Tillverkning,Produktionstekniker Automatiserade Tillverkningsprocesser,Västerbotten,Skellefteå,0,400,Skellefteå Kommun Vuxenutbildningen,MYH 2022/4824,2022,80,1.54
Teknik Och Tillverkning,Produktionstekniker Digitalisering Och Datorstödd Tillverkning,Västerbotten,Skellefteå,0,320,Skellefteå Kommun Vuxenutbildningen,MYH 2022/4827,2022,64,1.23
Teknik Och Tillverkning,Produktionstekniker För Framtidens Automatiserade Industri,Flera Kommuner,Flera Kommuner,1,300,"Mariestads Kommun, Dacapo Mariestad",MYH 2022/4954,2022,60,1.15
Teknik Och Tillverkning,Produktionstekniker Med 3D-Teknik,Östergötland,Finspång,0,200,Östsvenska Yrkeshögskolan Ab,MYH 2022/4631,2022,40,0.77
Teknik Och Tillverkning,"Produktionstekniker, Inriktning Ständiga Förbättringar/Lean Production",Skåne,Eslöv,0,210,"Eslövs Kommun, Yrkeshögskolan I Eslöv",MYH 2022/4732,2022,42,0.81
Teknik Och Tillverkning,Projektledare El,Södermanland,Nyköping,0,200,Insu Ab,MYH 2022/5307,2022,40,0.77
Teknik Och Tillverkning,Projektledare Elkraft,Stockholm,Stockholm,0,215,Stiftelsen Stockholms Tekniska Institut,MYH 2022/4764,2022,43,0.83
Teknik Och Tillverkning,Projektledare Inriktning Vindkraft,Halland,Varberg,0,220,Campus Varberg/Varbergs Kommun,MYH 2022/4830,2022,44,0.85
Teknik Och Tillverkning,Robot- Och Robotsvetstekniker,Kronoberg,Ljungby,0,155,Montico Kompetensutveckling Ab,MYH 2022/5198,2022,31,0.6
Teknik Och Tillverkning,Rörtekniker Med Svetscertifikat,Östergötland,Norrköping,0,400,Östsvenska Yrkeshögskolan Ab,MYH 2022/4842,2022,80,1.54
Teknik Och Tillverkning,Sadelmakare,Uppsala,Heby,0,615,Stiftelsen Sadelmakeriskolan I Tärnsjö,MYH 2022/4583,2022,123,2.37
Teknik Och Tillverkning,Servicetekniker I Fält – Mobila Arbetsmaskiner,Kronoberg,Ljungby,0,400,Tekniska Högskolan I Jönköping Ab,MYH 2022/5001,2022,80,1.54
Teknik Och Tillverkning,"Servicetekniker, Inriktning Life Science",Uppsala,Uppsala,0,400,Folkuniversitetet - Stiftelsen Kursverksamheten Vid Uppsala Universitetet,MYH 2022/5381,2022,80,1.54
Teknik Och Tillverkning,Skräddare,Västra Götaland,Uddevalla,0,600,"Uddevalla Kommun, Vuxenutbildningen",MYH 2022/4452,2022,120,2.31
Teknik Och Tillverkning,Soleltekniker,Jönköping,Jönköping,0,310,Tuc Sweden Ab - Yrkeshögskola,MYH 2022/4792,2022,62,1.19
Teknik Och Tillverkning,Specialist Inom Svetsautomation,Västra Götaland,Trollhättan,0,400,Högskolan Väst,MYH 2022/5439,2022,80,1.54
Teknik Och Tillverkning,Surface Designer,Västra Götaland,Göteborg,0,415,"Göteborgs Stad, Yrgo",MYH 2022/5330,2022,83,1.6
Teknik Och Tillverkning,"Teater-, Event- & Scentekniker",Stockholm,Stockholm,0,400,"Stockholms Stad, Frans Schartaus Handelsinstitut",MYH 2022/4836,2022,80,1.54
Teknik Och Tillverkning,Tekniker Hållbar Batteritillverkning,Västerbotten,Skellefteå,0,200,Skellefteå Kommun Vuxenutbildningen,MYH 2022/4096,2022,40,0.77
Teknik Och Tillverkning,Tekniker I Hållbara Verkstadsmiljöer,Stockholm,Järfälla,0,230,Yrkesakademin Yh Ab,MYH 2022/4535,2022,46,0.88
Teknik Och Tillverkning,"Tillgångsförvaltare, Inriktning Spårfordon",Stockholm,Stockholm,0,400,Mtr Nordic,MYH 2022/5188,2022,80,1.54
Teknik Och Tillverkning,Trähantverk Med Inriktning Mot Rekonditionering Och Återbruk Inom Möbelbranschen,Västra Götaland,Tibro,0,400,Tibro Hantverksakademi,MYH 2022/5448,2022,80,1.54
Teknik Och Tillverkning,"Turnerande Tekniker, Scen & Event",Västernorrland,Ånge,0,400,"Landstinget Västernorrland, Ålsta Folkhögskola",MYH 2022/5399,2022,80,1.54
Teknik Och Tillverkning,Underhållsingenjör,Flera Kommuner,Flera Kommuner,1,200,Lernia Utbildning Ab,MYH 2022/5164,2022,40,0.77
Teknik Och Tillverkning,Underhållsingenjör – Smart Maintenance,Skåne,Kristianstad,0,400,Hermods Ab Kristianstad,MYH 2022/4444,2022,80,1.54
Teknik Och Tillverkning,Underhållstekniker - El Och Automation,Västra Götaland,Göteborg,0,420,Göteborgs Tekniska College Ab,MYH 2022/5298,2022,84,1.62
Teknik Och Tillverkning,Urmakare,Östergötland,Motala,0,600,Institutet För Högre Urmakeriutbildning I Norden Ab,MYH 2022/4197,2022,120,2.31
Teknik Och Tillverkning,Utvecklingsingenjör Electromobility,Flera Kommuner,Flera Kommuner,1,405,Plushögskolan Ab - Teknikhögskolan Väst,MYH 2022/5534,2022,81,1.56
Teknik Och Tillverkning,Ventilationsingenjör,Kalmar,Kalmar,0,400,Lernia Utbildning Ab,MYH 2022/4672,2022,80,1.54
Teknik Och Tillverkning,Ventilationstekniker,Stockholm,Solna,0,400,Hermods Ab Stockholm,MYH 2022/4188,2022,80,1.54
Teknik Och Tillverkning,Ventilationstekniker,Västra Götaland,Göteborg,0,400,Hermods Ab Göteborg,MYH 2022/4030,2022,80,1.54
Teknik Och Tillverkning,Vindkrafttekniker,Jämtland,Strömsund,0,300,Strömsunds Kommun - Komvux/Hjalmar Strömerskolan,MYH 2022/5133,2022,60,1.15
Teknik Och Tillverkning,Vindkrafttekniker On- & Offshore,Flera Kommuner,Flera Kommuner,1,300,Kyh Ab,MYH 2022/4690,2022,60,1.15
Teknik Och Tillverkning,Värmepumpstekniker,Kronoberg,Markaryd,0,300,"Markaryds Kommun, Kunskapscentrum Markaryd",MYH 2022/4585,2022,60,1.15
Teknik Och Tillverkning,Vätgasingenjör,Flera Kommuner,Flera Kommuner,1,400,Iris Hadar Ab,MYH 2022/5490,2022,80,1.54
Transporttjänster,"Fartygs- Och Maskinbefäl 8, Skärgårdsentreprenör",Västra Götaland,Göteborg,0,210,Sjösportskolan Swedish Maritime Academy Ab,MYH 2022/5120,2022,42,0.81
Transporttjänster,Integrerad Trafikflygarutbildning,Skåne,Klippan,0,500,Lunds Universitet Trafikflyghögskolan,MYH 2022/4781,2022,100,1.92
Transporttjänster,Internationell Transportlogistik,Östergötland,Norrköping,0,400,Östsvenska Yrkeshögskolan Ab,MYH 2022/4742,2022,80,1.54
Transporttjänster,Lokförare,Jönköping,Nässjö,0,220,"Nässjö Kommun, Nässjöakademin",MYH 2022/5434,2022,44,0.85
Transporttjänster,Lokförare,Skåne,Malmö,0,220,Protrain Utbildning Ab,MYH 2022/5329,2022,44,0.85
Transporttjänster,Lokförare,Skåne,Ängelholm,0,220,Trafikverket Trafikverksskolan,MYH 2022/4451,2022,44,0.85
Transporttjänster,Lokförare,Stockholm,Solna,0,220,Protrain Utbildning Ab,MYH 2022/5235,2022,44,0.85
Transporttjänster,Lokförare Boden,Norrbotten,Boden,0,220,Tcc Sverige Ab,MYH 2022/5398,2022,44,0.85
Transporttjänster,Lokförare Göteborg,Västra Götaland,Göteborg,0,220,Tcc Sverige Ab,MYH 2022/5388,2022,44,0.85
Transporttjänster,Lokförare Hallsberg,Örebro,Hallsberg,0,220,Tcc Sverige Ab,MYH 2022/5406,2022,44,0.85
Transporttjänster,Lokförare Stockholm,Stockholm,Stockholm,0,220,Mtr Nordic,MYH 2022/5010,2022,44,0.85
Transporttjänster,"Lokförare, Eskilstuna",Södermanland,Eskilstuna,0,220,Mtr Nordic,MYH 2022/5000,2022,44,0.85
Transporttjänster,Uas Fjärrpilot Och Operatör Inom Kategori Specifik,Västernorrland,Örnsköldsvik,0,180,Yrkesakademin Yh Ab,MYH 2022/4748,2022,36,0.69
Övrigt,Hantverkslärling,Dalarna,Leksand,0,500,Stiftelsen Hantverk & Utbildning,MYH 2022/4487,2022,100,1.92
